write the newspaper [Concreteness]	write the newspaper [Imageability]	write the newspaper [Familiarity]	write the newspaper [Hearing]	write the newspaper [Sight]	write the newspaper [Smell]	write the newspaper [Taste]	write the newspaper [Touch]	read the newspaper [Concreteness]	read the newspaper [Imageability]	read the newspaper [Familiarity]	read the newspaper [Hearing]	read the newspaper [Sight]	read the newspaper [Smell]	read the newspaper [Taste]	read the newspaper [Touch]	believe the newspaper [Concreteness]	believe the newspaper [Imageability]	believe the newspaper [Familiarity]	believe the newspaper [Hearing]	believe the newspaper [Sight]	believe the newspaper [Smell]	believe the newspaper [Taste]	believe the newspaper [Touch]	manage the newspaper [Concreteness]	manage the newspaper [Imageability]	manage the newspaper [Familiarity]	manage the newspaper [Hearing]	manage the newspaper [Sight]	manage the newspaper [Smell]	manage the newspaper [Taste]	manage the newspaper [Touch]	build the monument [Concreteness]	build the monument [Imageability]	build the monument [Familiarity]	build the monument [Hearing]	build the monument [Sight]	build the monument [Smell]	build the monument [Taste]	build the monument [Touch]	visit the monument [Concreteness]	visit the monument [Imageability]	visit the monument [Familiarity]	visit the monument [Hearing]	visit the monument [Sight]	visit the monument [Smell]	visit the monument [Taste]	visit the monument [Touch]	become the monument [Concreteness]	become the monument [Imageability]	become the monument [Familiarity]	become the monument [Hearing]	become the monument [Sight]	become the monument [Smell]	become the monument [Taste]	become the monument [Touch]	require the monument [Concreteness]	require the monument [Imageability]	require the monument [Familiarity]	require the monument [Hearing]	require the monument [Sight]	require the monument [Smell]	require the monument [Taste]	require the monument [Touch]	check the traffic [Concreteness]	check the traffic [Imageability]	check the traffic [Familiarity]	check the traffic [Hearing]	check the traffic [Sight]	check the traffic [Smell]	check the traffic [Taste]	check the traffic [Touch]	watch the traffic [Concreteness]	watch the traffic [Imageability]	watch the traffic [Familiarity]	watch the traffic [Hearing]	watch the traffic [Sight]	watch the traffic [Smell]	watch the traffic [Taste]	watch the traffic [Touch]	improve the traffic [Concreteness]	improve the traffic [Imageability]	improve the traffic [Familiarity]	improve the traffic [Hearing]	improve the traffic [Sight]	improve the traffic [Smell]	improve the traffic [Taste]	improve the traffic [Touch]	manage the traffic [Concreteness]	manage the traffic [Imageability]	manage the traffic [Familiarity]	manage the traffic [Hearing]	manage the traffic [Sight]	manage the traffic [Smell]	manage the traffic [Taste]	manage the traffic [Touch]	build the market [Concreteness]	build the market [Imageability]	build the market [Familiarity]	build the market [Hearing]	build the market [Sight]	build the market [Smell]	build the market [Taste]	build the market [Touch]	visit the market [Concreteness]	visit the market [Imageability]	visit the market [Familiarity]	visit the market [Hearing]	visit the market [Sight]	visit the market [Smell]	visit the market [Taste]	visit the market [Touch]	exploit the market [Concreteness]	exploit the market [Imageability]	exploit the market [Familiarity]	exploit the market [Hearing]	exploit the market [Sight]	exploit the market [Smell]	exploit the market [Taste]	exploit the market [Touch]	affect the market [Concreteness]	affect the market [Imageability]	affect the market [Familiarity]	affect the market [Hearing]	affect the market [Sight]	affect the market [Smell]	affect the market [Taste]	affect the market [Touch]	lead the mission [Concreteness]	lead the mission [Imageability]	lead the mission [Familiarity]	lead the mission [Hearing]	lead the mission [Sight]	lead the mission [Smell]	lead the mission [Taste]	lead the mission [Touch]	launch the mission [Concreteness]	launch the mission [Imageability]	launch the mission [Familiarity]	launch the mission [Hearing]	launch the mission [Sight]	launch the mission [Smell]	launch the mission [Taste]	launch the mission [Touch]	know the mission [Concreteness]	know the mission [Imageability]	know the mission [Familiarity]	know the mission [Hearing]	know the mission [Sight]	know the mission [Smell]	know the mission [Taste]	know the mission [Touch]	explain the mission [Concreteness]	explain the mission [Imageability]	explain the mission [Familiarity]	explain the mission [Hearing]	explain the mission [Sight]	explain the mission [Smell]	explain the mission [Taste]	explain the mission [Touch]	watch the wedding [Concreteness]	watch the wedding [Imageability]	watch the wedding [Familiarity]	watch the wedding [Hearing]	watch the wedding [Sight]	watch the wedding [Smell]	watch the wedding [Taste]	watch the wedding [Touch]	announce the wedding [Concreteness]	announce the wedding [Imageability]	announce the wedding [Familiarity]	announce the wedding [Hearing]	announce the wedding [Sight]	announce the wedding [Smell]	announce the wedding [Taste]	announce the wedding [Touch]	want the wedding [Concreteness]	want the wedding [Imageability]	want the wedding [Familiarity]	want the wedding [Hearing]	want the wedding [Sight]	want the wedding [Smell]	want the wedding [Taste]	want the wedding [Touch]	renew the wedding [Concreteness]	renew the wedding [Imageability]	renew the wedding [Familiarity]	renew the wedding [Hearing]	renew the wedding [Sight]	renew the wedding [Smell]	renew the wedding [Taste]	renew the wedding [Touch]	read the speech [Concreteness]	read the speech [Imageability]	read the speech [Familiarity]	read the speech [Hearing]	read the speech [Sight]	read the speech [Smell]	read the speech [Taste]	read the speech [Touch]	write the speech [Concreteness]	write the speech [Imageability]	write the speech [Familiarity]	write the speech [Hearing]	write the speech [Sight]	write the speech [Smell]	write the speech [Taste]	write the speech [Touch]	develop the speech [Concreteness]	develop the speech [Imageability]	develop the speech [Familiarity]	develop the speech [Hearing]	develop the speech [Sight]	develop the speech [Smell]	develop the speech [Taste]	develop the speech [Touch]	believe the speech [Concreteness]	believe the speech [Imageability]	believe the speech [Familiarity]	believe the speech [Hearing]	believe the speech [Sight]	believe the speech [Smell]	believe the speech [Taste]	believe the speech [Touch]	watch the attack [Concreteness]	watch the attack [Imageability]	watch the attack [Familiarity]	watch the attack [Hearing]	watch the attack [Sight]	watch the attack [Smell]	watch the attack [Taste]	watch the attack [Touch]	resume the attack [Concreteness]	resume the attack [Imageability]	resume the attack [Familiarity]	resume the attack [Hearing]	resume the attack [Sight]	resume the attack [Smell]	resume the attack [Taste]	resume the attack [Touch]	want the attack [Concreteness]	want the attack [Imageability]	want the attack [Familiarity]	want the attack [Hearing]	want the attack [Sight]	want the attack [Smell]	want the attack [Taste]	want the attack [Touch]	renew the attack [Concreteness]	renew the attack [Imageability]	renew the attack [Familiarity]	renew the attack [Hearing]	renew the attack [Sight]	renew the attack [Smell]	renew the attack [Taste]	renew the attack [Touch]	tackle the conflict [Concreteness]	tackle the conflict [Imageability]	tackle the conflict [Familiarity]	tackle the conflict [Hearing]	tackle the conflict [Sight]	tackle the conflict [Smell]	tackle the conflict [Taste]	tackle the conflict [Touch]	handle the conflict [Concreteness]	handle the conflict [Imageability]	handle the conflict [Familiarity]	handle the conflict [Hearing]	handle the conflict [Sight]	handle the conflict [Smell]	handle the conflict [Taste]	handle the conflict [Touch]	solve the conflict [Concreteness]	solve the conflict [Imageability]	solve the conflict [Familiarity]	solve the conflict [Hearing]	solve the conflict [Sight]	solve the conflict [Smell]	solve the conflict [Taste]	solve the conflict [Touch]	reduce the conflict [Concreteness]	reduce the conflict [Imageability]	reduce the conflict [Familiarity]	reduce the conflict [Hearing]	reduce the conflict [Sight]	reduce the conflict [Smell]	reduce the conflict [Taste]	reduce the conflict [Touch]	hang the portrait [Concreteness]	hang the portrait [Imageability]	hang the portrait [Familiarity]	hang the portrait [Hearing]	hang the portrait [Sight]	hang the portrait [Smell]	hang the portrait [Taste]	hang the portrait [Touch]	engrave the portrait [Concreteness]	engrave the portrait [Imageability]	engrave the portrait [Familiarity]	engrave the portrait [Hearing]	engrave the portrait [Sight]	engrave the portrait [Smell]	engrave the portrait [Taste]	engrave the portrait [Touch]	know the portrait [Concreteness]	know the portrait [Imageability]	know the portrait [Familiarity]	know the portrait [Hearing]	know the portrait [Sight]	know the portrait [Smell]	know the portrait [Taste]	know the portrait [Touch]	want the portrait [Concreteness]	want the portrait [Imageability]	want the portrait [Familiarity]	want the portrait [Hearing]	want the portrait [Sight]	want the portrait [Smell]	want the portrait [Taste]	want the portrait [Touch]	carry the picture [Concreteness]	carry the picture [Imageability]	carry the picture [Familiarity]	carry the picture [Hearing]	carry the picture [Sight]	carry the picture [Smell]	carry the picture [Taste]	carry the picture [Touch]	produce the picture [Concreteness]	produce the picture [Imageability]	produce the picture [Familiarity]	produce the picture [Hearing]	produce the picture [Sight]	produce the picture [Smell]	produce the picture [Taste]	produce the picture [Touch]	want the picture [Concreteness]	want the picture [Imageability]	want the picture [Familiarity]	want the picture [Hearing]	want the picture [Sight]	want the picture [Smell]	want the picture [Taste]	want the picture [Touch]	describe the picture [Concreteness]	describe the picture [Imageability]	describe the picture [Familiarity]	describe the picture [Hearing]	describe the picture [Sight]	describe the picture [Smell]	describe the picture [Taste]	describe the picture [Touch]	draw the pattern [Concreteness]	draw the pattern [Imageability]	draw the pattern [Familiarity]	draw the pattern [Hearing]	draw the pattern [Sight]	draw the pattern [Smell]	draw the pattern [Taste]	draw the pattern [Touch]	weave the pattern [Concreteness]	weave the pattern [Imageability]	weave the pattern [Familiarity]	weave the pattern [Hearing]	weave the pattern [Sight]	weave the pattern [Smell]	weave the pattern [Taste]	weave the pattern [Touch]	vary the pattern [Concreteness]	vary the pattern [Imageability]	vary the pattern [Familiarity]	vary the pattern [Hearing]	vary the pattern [Sight]	vary the pattern [Smell]	vary the pattern [Taste]	vary the pattern [Touch]	know the pattern [Concreteness]	know the pattern [Imageability]	know the pattern [Familiarity]	know the pattern [Hearing]	know the pattern [Sight]	know the pattern [Smell]	know the pattern [Taste]	know the pattern [Touch]	inhale the medicine [Concreteness]	inhale the medicine [Imageability]	inhale the medicine [Familiarity]	inhale the medicine [Hearing]	inhale the medicine [Sight]	inhale the medicine [Smell]	inhale the medicine [Taste]	inhale the medicine [Touch]	swallow the medicine [Concreteness]	swallow the medicine [Imageability]	swallow the medicine [Familiarity]	swallow the medicine [Hearing]	swallow the medicine [Sight]	swallow the medicine [Smell]	swallow the medicine [Taste]	swallow the medicine [Touch]	need the medicine [Concreteness]	need the medicine [Imageability]	need the medicine [Familiarity]	need the medicine [Hearing]	need the medicine [Sight]	need the medicine [Smell]	need the medicine [Taste]	need the medicine [Touch]	know the medicine [Concreteness]	know the medicine [Imageability]	know the medicine [Familiarity]	know the medicine [Hearing]	know the medicine [Sight]	know the medicine [Smell]	know the medicine [Taste]	know the medicine [Touch]	launch the journal [Concreteness]	launch the journal [Imageability]	launch the journal [Familiarity]	launch the journal [Hearing]	launch the journal [Sight]	launch the journal [Smell]	launch the journal [Taste]	launch the journal [Touch]	write the journal [Concreteness]	write the journal [Imageability]	write the journal [Familiarity]	write the journal [Hearing]	write the journal [Sight]	write the journal [Smell]	write the journal [Taste]	write the journal [Touch]	know the journal [Concreteness]	know the journal [Imageability]	know the journal [Familiarity]	know the journal [Hearing]	know the journal [Sight]	know the journal [Smell]	know the journal [Taste]	know the journal [Touch]	manage the journal [Concreteness]	manage the journal [Imageability]	manage the journal [Familiarity]	manage the journal [Hearing]	manage the journal [Sight]	manage the journal [Smell]	manage the journal [Taste]	manage the journal [Touch]	draw the drawing [Concreteness]	draw the drawing [Imageability]	draw the drawing [Familiarity]	draw the drawing [Hearing]	draw the drawing [Sight]	draw the drawing [Smell]	draw the drawing [Taste]	draw the drawing [Touch]	produce the drawing [Concreteness]	produce the drawing [Imageability]	produce the drawing [Familiarity]	produce the drawing [Hearing]	produce the drawing [Sight]	produce the drawing [Smell]	produce the drawing [Taste]	produce the drawing [Touch]	love the drawing [Concreteness]	love the drawing [Imageability]	love the drawing [Familiarity]	love the drawing [Hearing]	love the drawing [Sight]	love the drawing [Smell]	love the drawing [Taste]	love the drawing [Touch]	describe the drawing [Concreteness]	describe the drawing [Imageability]	describe the drawing [Familiarity]	describe the drawing [Hearing]	describe the drawing [Sight]	describe the drawing [Smell]	describe the drawing [Taste]	describe the drawing [Touch]	sign the article [Concreteness]	sign the article [Imageability]	sign the article [Familiarity]	sign the article [Hearing]	sign the article [Sight]	sign the article [Smell]	sign the article [Taste]	sign the article [Touch]	check the article [Concreteness]	check the article [Imageability]	check the article [Familiarity]	check the article [Hearing]	check the article [Sight]	check the article [Smell]	check the article [Taste]	check the article [Touch]	love the article [Concreteness]	love the article [Imageability]	love the article [Familiarity]	love the article [Hearing]	love the article [Sight]	love the article [Smell]	love the article [Taste]	love the article [Touch]	know the article [Concreteness]	know the article [Imageability]	know the article [Familiarity]	know the article [Hearing]	know the article [Sight]	know the article [Smell]	know the article [Taste]	know the article [Touch]	reach the entrance [Concreteness]	reach the entrance [Imageability]	reach the entrance [Familiarity]	reach the entrance [Hearing]	reach the entrance [Sight]	reach the entrance [Smell]	reach the entrance [Taste]	reach the entrance [Touch]	build the entrance [Concreteness]	build the entrance [Imageability]	build the entrance [Familiarity]	build the entrance [Hearing]	build the entrance [Sight]	build the entrance [Smell]	build the entrance [Taste]	build the entrance [Touch]	require the entrance [Concreteness]	require the entrance [Imageability]	require the entrance [Familiarity]	require the entrance [Hearing]	require the entrance [Sight]	require the entrance [Smell]	require the entrance [Taste]	require the entrance [Touch]	welcome the entrance [Concreteness]	welcome the entrance [Imageability]	welcome the entrance [Familiarity]	welcome the entrance [Hearing]	welcome the entrance [Sight]	welcome the entrance [Smell]	welcome the entrance [Taste]	welcome the entrance [Touch]	check the treatment [Concreteness]	check the treatment [Imageability]	check the treatment [Familiarity]	check the treatment [Hearing]	check the treatment [Sight]	check the treatment [Smell]	check the treatment [Taste]	check the treatment [Touch]	resume the treatment [Concreteness]	resume the treatment [Imageability]	resume the treatment [Familiarity]	resume the treatment [Hearing]	resume the treatment [Sight]	resume the treatment [Smell]	resume the treatment [Taste]	resume the treatment [Touch]	know the treatment [Concreteness]	know the treatment [Imageability]	know the treatment [Familiarity]	know the treatment [Hearing]	know the treatment [Sight]	know the treatment [Smell]	know the treatment [Taste]	know the treatment [Touch]	want the treatment [Concreteness]	want the treatment [Imageability]	want the treatment [Familiarity]	want the treatment [Hearing]	want the treatment [Sight]	want the treatment [Smell]	want the treatment [Taste]	want the treatment [Touch]	hang the painting [Concreteness]	hang the painting [Imageability]	hang the painting [Familiarity]	hang the painting [Hearing]	hang the painting [Sight]	hang the painting [Smell]	hang the painting [Taste]	hang the painting [Touch]	cover the painting [Concreteness]	cover the painting [Imageability]	cover the painting [Familiarity]	cover the painting [Hearing]	cover the painting [Sight]	cover the painting [Smell]	cover the painting [Taste]	cover the painting [Touch]	know the painting [Concreteness]	know the painting [Imageability]	know the painting [Familiarity]	know the painting [Hearing]	know the painting [Sight]	know the painting [Smell]	know the painting [Taste]	know the painting [Touch]	need the painting [Concreteness]	need the painting [Imageability]	need the painting [Familiarity]	need the painting [Hearing]	need the painting [Sight]	need the painting [Smell]	need the painting [Taste]	need the painting [Touch]	carve the sculpture [Concreteness]	carve the sculpture [Imageability]	carve the sculpture [Familiarity]	carve the sculpture [Hearing]	carve the sculpture [Sight]	carve the sculpture [Smell]	carve the sculpture [Taste]	carve the sculpture [Touch]	build the sculpture [Concreteness]	build the sculpture [Imageability]	build the sculpture [Familiarity]	build the sculpture [Hearing]	build the sculpture [Sight]	build the sculpture [Smell]	build the sculpture [Taste]	build the sculpture [Touch]	want the sculpture [Concreteness]	want the sculpture [Imageability]	want the sculpture [Familiarity]	want the sculpture [Hearing]	want the sculpture [Sight]	want the sculpture [Smell]	want the sculpture [Taste]	want the sculpture [Touch]	become the sculpture [Concreteness]	become the sculpture [Imageability]	become the sculpture [Familiarity]	become the sculpture [Hearing]	become the sculpture [Sight]	become the sculpture [Smell]	become the sculpture [Taste]	become the sculpture [Touch]	lead the ceremony [Concreteness]	lead the ceremony [Imageability]	lead the ceremony [Familiarity]	lead the ceremony [Hearing]	lead the ceremony [Sight]	lead the ceremony [Smell]	lead the ceremony [Taste]	lead the ceremony [Touch]	watch the ceremony [Concreteness]	watch the ceremony [Imageability]	watch the ceremony [Familiarity]	watch the ceremony [Hearing]	watch the ceremony [Sight]	watch the ceremony [Smell]	watch the ceremony [Taste]	watch the ceremony [Touch]	know the ceremony [Concreteness]	know the ceremony [Imageability]	know the ceremony [Familiarity]	know the ceremony [Hearing]	know the ceremony [Sight]	know the ceremony [Smell]	know the ceremony [Taste]	know the ceremony [Touch]	want the ceremony [Concreteness]	want the ceremony [Imageability]	want the ceremony [Familiarity]	want the ceremony [Hearing]	want the ceremony [Sight]	want the ceremony [Smell]	want the ceremony [Taste]	want the ceremony [Touch]	mimic the behavior [Concreteness]	mimic the behavior [Imageability]	mimic the behavior [Familiarity]	mimic the behavior [Hearing]	mimic the behavior [Sight]	mimic the behavior [Smell]	mimic the behavior [Taste]	mimic the behavior [Touch]	notice the behavior [Concreteness]	notice the behavior [Imageability]	notice the behavior [Familiarity]	notice the behavior [Hearing]	notice the behavior [Sight]	notice the behavior [Smell]	notice the behavior [Taste]	notice the behavior [Touch]	define the behavior [Concreteness]	define the behavior [Imageability]	define the behavior [Familiarity]	define the behavior [Hearing]	define the behavior [Sight]	define the behavior [Smell]	define the behavior [Taste]	define the behavior [Touch]	explain the behavior [Concreteness]	explain the behavior [Imageability]	explain the behavior [Familiarity]	explain the behavior [Hearing]	explain the behavior [Sight]	explain the behavior [Smell]	explain the behavior [Taste]	explain the behavior [Touch]	watch the violence [Concreteness]	watch the violence [Imageability]	watch the violence [Familiarity]	watch the violence [Hearing]	watch the violence [Sight]	watch the violence [Smell]	watch the violence [Taste]	watch the violence [Touch]	fight the violence [Concreteness]	fight the violence [Imageability]	fight the violence [Familiarity]	fight the violence [Hearing]	fight the violence [Sight]	fight the violence [Smell]	fight the violence [Taste]	fight the violence [Touch]	want the violence [Concreteness]	want the violence [Imageability]	want the violence [Familiarity]	want the violence [Hearing]	want the violence [Sight]	want the violence [Smell]	want the violence [Taste]	want the violence [Touch]	condemn the violence [Concreteness]	condemn the violence [Imageability]	condemn the violence [Familiarity]	condemn the violence [Hearing]	condemn the violence [Sight]	condemn the violence [Smell]	condemn the violence [Taste]	condemn the violence [Touch]	show the library [Concreteness]	show the library [Imageability]	show the library [Familiarity]	show the library [Hearing]	show the library [Sight]	show the library [Smell]	show the library [Taste]	show the library [Touch]	build the library [Concreteness]	build the library [Imageability]	build the library [Familiarity]	build the library [Hearing]	build the library [Sight]	build the library [Smell]	build the library [Taste]	build the library [Touch]	know the library [Concreteness]	know the library [Imageability]	know the library [Familiarity]	know the library [Hearing]	know the library [Sight]	know the library [Smell]	know the library [Taste]	know the library [Touch]	need the library [Concreteness]	need the library [Imageability]	need the library [Familiarity]	need the library [Hearing]	need the library [Sight]	need the library [Smell]	need the library [Taste]	need the library [Touch]	check the network [Concreteness]	check the network [Imageability]	check the network [Familiarity]	check the network [Hearing]	check the network [Sight]	check the network [Smell]	check the network [Taste]	check the network [Touch]	break the network [Concreteness]	break the network [Imageability]	break the network [Familiarity]	break the network [Hearing]	break the network [Sight]	break the network [Smell]	break the network [Taste]	break the network [Touch]	need the network [Concreteness]	need the network [Imageability]	need the network [Familiarity]	need the network [Hearing]	need the network [Sight]	need the network [Smell]	need the network [Taste]	need the network [Touch]	evolve the network [Concreteness]	evolve the network [Imageability]	evolve the network [Familiarity]	evolve the network [Hearing]	evolve the network [Sight]	evolve the network [Smell]	evolve the network [Taste]	evolve the network [Touch]
5	4	4	3	4	3	1	5	5	5	5	4	5	3	1	5	2	4	4	3	5	2	1	5	4	3	3	3	5	4	1	5	5	4	3	3	4	3	1	4	5	5	4	4	5	4	1	5	1	4	3	2	4	2	1	3	2	4	4	3	3	1	1	2	5	5	5	5	5	2	1	3	4	4	4	2	2	2	2	3	1	3	3	2	3	2	1	2	4	4	2	5	5	2	1	3	3	4	3	3	3	1	1	3	5	4	4	3	5	5	2	4	3	4	4	4	4	2	1	3	3	4	4	4	4	1	1	3	3	3	3	3	2	1	1	1	4	4	4	4	4	2	1	4	2	4	4	3	3	1	1	2	2	4	4	5	5	1	1	5	4	4	4	4	4	4	2	3	4	4	3	5	5	2	1	2	2	3	3	3	3	1	1	1	1	3	2	2	3	1	1	2	3	3	3	4	4	1	1	1	5	4	5	5	5	1	1	5	4	4	4	4	4	1	1	4	1	4	3	4	4	1	1	1	4	4	4	4	4	1	1	3	2	4	3	3	4	1	1	2	1	2	1	2	3	2	1	3	1	1	1	1	1	1	1	1	2	4	4	3	3	1	1	3	2	4	5	5	5	2	1	4	1	4	5	4	4	1	1	1	3	4	4	3	3	1	1	3	5	5	4	3	5	3	1	5	5	4	4	2	5	2	1	5	5	5	5	4	5	2	1	4	1	4	4	1	3	1	1	2	4	3	3	1	1	1	1	3	4	4	4	4	4	1	1	4	3	4	4	2	5	2	1	3	3	5	4	5	5	1	1	4	4	4	4	2	5	2	2	5	5	5	5	3	5	2	1	5	3	3	3	3	3	1	1	4	3	3	3	3	3	2	1	2	5	5	5	2	5	5	5	5	5	4	5	3	5	5	5	5	5	4	5	3	5	5	5	4	5	5	5	3	5	5	5	5	3	4	4	4	4	1	1	3	5	4	4	2	4	2	1	4	4	4	3	3	3	1	1	2	3	3	3	2	3	1	1	1	5	5	5	2	5	3	1	5	5	5	5	2	5	2	1	5	2	4	4	1	4	1	1	4	2	5	4	4	4	2	1	3	5	4	4	3	5	1	1	5	4	4	4	3	4	1	1	4	2	4	3	3	4	1	1	3	2	4	4	3	5	1	1	4	4	4	4	3	5	2	1	4	4	4	4	3	4	2	1	4	3	4	3	3	3	2	1	3	4	3	3	3	3	1	1	2	4	4	3	3	4	3	1	4	4	4	4	4	4	4	1	4	2	3	3	2	2	3	2	2	4	3	4	2	3	3	1	4	4	4	4	3	3	2	1	5	5	5	5	3	5	1	1	5	4	5	4	3	4	2	1	4	1	4	3	3	5	1	1	4	5	5	4	2	4	3	1	5	5	5	4	2	4	4	1	5	4	4	4	2	2	1	1	3	1	5	3	3	4	2	1	4	4	3	2	3	3	2	1	2	4	4	4	4	4	2	1	3	1	4	3	2	3	1	1	1	2	3	3	3	2	1	1	1	2	3	3	3	3	2	1	3	3	4	4	4	4	1	1	3	2	5	4	4	4	1	1	2	3	4	4	4	4	1	1	3	4	4	3	3	3	2	1	2	2	3	2	3	3	1	1	3	1	2	2	1	2	1	1	1	2	5	4	4	4	1	1	4	5	4	5	3	4	3	1	4	5	4	3	3	4	2	1	4	2	5	4	4	4	2	1	2	3	3	4	4	4	3	1	3	3	4	4	4	4	1	1	3	4	4	3	3	4	1	1	4	3	3	3	3	3	2	1	2	3	3	3	3	3	1	1	2
5	5	5	1	5	1	1	4	5	5	5	1	5	2	1	3	3	4	1	2	5	1	1	1	4	5	3	2	5	1	1	1	5	5	4	1	5	1	1	3	5	5	5	1	5	1	1	1	3	2	1	2	3	1	1	1	4	1	1	2	1	1	1	1	5	5	5	1	5	1	1	1	5	5	5	2	5	2	1	1	3	3	4	1	3	1	1	1	4	4	4	1	5	1	1	1	3	1	1	1	1	1	1	1	5	5	5	1	5	3	2	1	3	1	1	1	2	1	1	1	3	3	2	1	2	1	1	1	3	4	4	2	5	1	1	1	3	3	3	2	3	1	1	1	1	4	1	1	4	1	1	1	4	5	5	3	5	1	1	1	5	5	4	3	5	1	1	1	5	5	5	3	4	1	1	1	3	4	1	1	3	1	1	1	4	3	3	2	5	1	1	1	5	5	5	1	5	1	1	2	4	5	5	1	5	1	1	4	3	2	3	1	4	1	1	2	3	3	2	1	2	1	1	1	5	5	5	2	5	1	1	1	1	1	1	1	1	1	1	1	2	1	1	1	2	1	1	1	1	1	1	1	1	1	1	1	3	5	5	1	5	1	1	3	3	5	5	2	5	1	1	1	3	4	4	1	4	1	1	2	2	4	2	1	5	1	1	3	5	5	4	1	5	1	1	4	5	2	1	1	3	1	1	2	4	4	5	1	5	1	1	1	4	5	3	1	4	1	1	1	5	5	4	1	4	1	1	2	3	3	1	1	3	1	1	1	3	4	5	1	4	1	1	1	5	5	5	3	5	1	1	1	4	5	5	1	5	1	1	3	4	5	2	1	5	1	1	4	2	2	1	1	3	1	1	1	3	3	5	1	3	1	1	1	5	5	5	1	5	3	1	1	5	5	5	1	5	1	3	2	5	5	4	1	5	1	2	2	4	5	5	1	5	1	1	1	3	5	1	1	3	1	1	1	5	5	5	1	5	2	1	5	3	4	2	1	4	1	1	1	3	2	1	1	3	1	1	1	5	5	5	1	5	1	1	4	5	3	2	1	4	1	1	4	4	4	4	1	5	1	1	1	4	5	5	3	5	1	1	1	5	5	1	1	3	1	1	1	5	5	5	1	5	1	1	1	3	5	5	2	5	1	1	1	3	4	5	2	5	1	1	1	4	5	5	1	5	1	1	1	5	4	2	1	5	1	1	3	5	4	4	2	5	1	1	1	2	1	1	1	1	1	1	1	4	5	5	1	5	1	1	1	3	5	5	1	5	1	1	2	3	4	5	1	5	1	1	1	3	4	5	1	5	1	1	1	5	5	4	1	5	1	1	4	5	5	3	1	5	1	1	3	4	4	3	1	5	1	1	1	3	2	1	1	3	1	1	1	5	5	5	1	5	1	1	3	5	5	4	1	5	2	1	5	3	3	2	2	3	1	1	1	3	2	1	1	5	1	1	4	5	5	5	2	5	1	1	1	5	5	5	2	5	1	1	1	5	4	5	1	4	1	1	1	3	2	1	1	4	1	1	1	4	5	5	1	5	1	1	1	2	4	4	1	5	1	1	1	2	2	1	2	2	1	1	1	4	5	5	3	5	1	1	1	4	5	5	2	5	1	1	1	4	5	2	1	5	1	1	4	3	2	1	1	1	1	1	2	2	2	2	1	2	1	1	1	5	5	4	3	5	1	1	1	5	5	3	1	5	1	1	2	4	4	5	1	4	1	1	1	4	3	2	1	3	1	1	1	4	4	4	1	4	1	1	1	2	1	1	1	1	1	1	1	2	1	3	2	1	1	1	1	2	2	1	1	2	1	1	1
5	3	5	5	5	1	1	5	5	2	5	5	5	1	1	5	3	2	3	3	4	1	1	1	5	5	5	4	5	1	1	3	1	5	5	5	5	1	1	4	1	4	1	1	1	1	1	1	1	3	2	1	1	1	1	1	2	4	2	1	1	1	1	1	5	2	5	5	5	1	1	3	3	4	4	4	4	1	1	2	5	5	5	2	2	1	1	1	4	4	3	4	4	1	1	2	2	5	2	3	3	1	1	1	5	1	4	5	5	5	5	5	1	1	1	1	1	1	1	1	1	2	1	1	1	1	1	1	2	4	1	5	5	1	1	3	2	3	1	4	4	1	1	2	1	3	1	3	3	1	1	3	5	4	4	5	5	1	1	3	5	2	5	5	5	1	1	1	4	5	4	4	5	2	2	4	5	5	5	3	3	2	2	2	1	1	1	1	1	1	1	1	4	2	4	1	5	1	1	1	5	5	5	5	5	1	1	5	5	5	5	5	5	1	1	1	2	1	2	5	5	1	1	1	5	5	5	5	5	1	1	1	2	2	1	3	3	1	1	3	5	5	1	1	1	1	1	1	1	4	1	1	1	1	1	1	5	5	3	5	5	1	1	4	5	3	4	5	5	1	1	5	3	3	2	4	4	1	1	3	5	4	4	5	5	1	1	5	5	4	5	4	5	1	1	5	1	3	1	1	1	1	1	1	1	4	1	1	3	1	1	1	1	4	1	1	4	1	1	1	5	1	5	2	4	1	1	5	2	5	4	1	1	1	1	1	5	3	5	1	5	1	1	4	5	5	5	5	5	5	5	5	5	5	5	5	5	1	1	5	1	4	2	4	4	3	3	4	1	4	1	5	5	1	1	4	4	5	5	4	4	2	2	4	5	2	5	2	5	5	4	3	5	1	5	3	5	5	5	5	5	3	5	5	5	5	5	5	5	4	5	3	5	3	3	4	5	2	2	2	2	2	2	2	5	5	5	5	5	1	1	5	2	2	2	2	4	1	1	1	5	5	4	2	4	1	1	2	5	5	5	4	5	1	1	5	5	5	5	4	5	1	1	5	5	3	5	5	5	1	1	5	5	5	5	5	5	1	1	2	5	1	5	5	5	1	1	5	5	2	5	5	5	2	2	5	2	5	5	1	1	1	1	1	5	5	5	5	5	1	1	5	5	1	5	5	5	1	1	3	3	4	2	1	1	1	1	1	3	4	2	1	1	1	1	1	3	2	4	4	5	1	1	4	5	2	5	5	5	1	1	5	5	1	5	5	5	1	1	5	5	4	5	5	5	1	1	5	5	1	5	5	5	1	1	4	5	5	5	4	5	1	1	5	5	1	5	1	5	1	1	4	5	1	5	5	5	1	1	5	5	5	5	2	5	1	1	3	1	3	1	1	1	1	1	1	5	5	5	4	5	4	2	5	4	4	2	2	5	1	1	4	2	3	1	1	3	1	1	3	5	5	5	5	5	3	3	5	5	1	5	5	5	1	1	1	3	5	4	2	5	3	1	4	2	3	1	1	3	1	1	1	4	5	5	5	5	5	5	5	3	5	4	3	5	2	3	3	4	4	4	5	5	1	1	1	5	3	3	5	5	2	2	5	2	3	2	5	5	1	1	1	1	2	1	1	1	1	1	1	1	1	1	1	1	1	1	1	3	4	2	5	5	2	2	5	5	1	5	5	5	1	1	3	5	5	5	3	3	1	1	4	4	5	5	4	4	4	1	4	5	1	5	5	5	4	2	5	1	2	1	1	1	1	1	1	1	3	1	1	1	1	1	1	1	2	1	1	1	1	1	1	1	5	3	1	1	1	1	1
4	3	3	1	4	1	1	3	5	5	4	2	5	3	1	4	3	3	3	2	3	2	1	2	4	3	2	3	4	2	1	2	4	4	3	4	5	3	1	5	4	5	4	2	5	1	1	2	2	2	1	1	2	1	1	1	2	2	1	1	3	1	1	1	4	4	5	3	5	1	1	2	4	4	5	5	5	2	1	1	3	2	2	3	4	1	1	1	4	5	4	3	5	1	1	1	3	2	2	3	2	1	1	1	4	4	5	4	5	3	2	4	1	2	2	2	2	1	1	1	2	2	2	1	2	1	1	1	2	2	2	3	2	1	1	1	2	2	2	3	2	1	1	1	2	1	3	2	2	1	1	2	2	3	3	4	4	1	1	1	4	4	4	4	5	3	2	2	4	3	4	4	2	1	1	2	3	3	4	2	3	2	1	1	3	2	1	3	3	2	1	3	4	4	4	5	5	1	1	1	4	4	3	3	4	2	1	3	3	4	3	4	3	1	1	2	3	2	2	4	2	1	1	1	4	4	3	4	4	2	1	2	3	2	1	4	3	2	1	2	3	2	1	3	3	1	1	3	2	2	2	3	3	2	1	3	3	3	3	4	4	1	1	2	3	3	2	3	3	1	1	2	3	2	2	2	1	1	1	1	2	2	2	3	3	1	1	2	5	5	4	4	5	2	1	4	4	4	2	4	5	2	1	5	4	2	3	1	5	1	1	2	3	2	2	3	5	1	1	3	5	5	5	2	5	1	1	5	3	2	2	3	3	2	1	3	4	3	3	1	5	1	1	2	4	4	4	5	5	1	1	3	5	5	5	2	5	1	1	5	4	4	2	2	4	1	1	4	3	2	2	1	4	1	1	2	3	2	3	1	4	1	1	1	4	3	3	2	3	4	2	3	5	4	4	2	1	3	5	5	5	3	4	2	3	2	4	4	2	2	4	1	2	1	1	2	3	3	2	2	3	2	1	2	3	3	2	2	3	1	1	2	3	2	3	1	3	2	1	3	3	2	2	2	2	1	1	2	5	5	4	2	5	2	1	5	4	3	2	2	5	2	1	2	5	4	4	3	5	2	1	3	4	4	3	5	5	2	1	3	4	4	2	1	4	1	1	5	3	2	4	2	4	1	1	2	4	2	2	1	2	1	1	1	3	2	3	1	2	1	1	1	5	4	4	2	5	1	1	3	4	4	3	4	4	2	1	4	3	3	3	2	4	2	1	3	4	4	4	5	5	2	1	3	2	2	2	1	1	1	1	1	2	2	2	1	2	1	1	1	2	3	2	1	2	1	1	1	3	3	3	2	2	1	1	1	5	5	4	3	5	2	1	5	5	5	4	2	5	1	1	4	3	4	3	1	4	1	1	1	4	4	2	1	4	1	1	1	5	5	3	3	5	2	1	5	4	4	2	3	4	2	1	4	4	3	2	1	3	1	1	1	2	3	1	1	4	2	1	3	2	3	2	3	3	2	2	2	3	4	4	4	5	2	1	2	3	2	3	3	3	2	2	2	3	3	4	2	2	1	1	1	5	5	3	3	5	1	1	2	2	3	3	2	4	1	1	2	2	2	2	5	4	1	1	1	2	2	2	4	3	1	1	1	3	3	2	3	3	1	1	1	2	3	2	3	2	1	1	2	2	2	2	4	4	2	1	3	2	2	3	3	2	1	1	1	5	5	3	2	5	1	1	1	4	4	3	4	4	3	1	4	3	2	3	1	3	1	1	1	4	3	4	3	4	2	1	2	2	2	2	1	2	1	1	1	3	2	1	1	2	1	1	1	2	2	3	1	2	1	1	1	2	2	2	1	2	1	1	1
3	5	3	1	1	1	1	1	5	5	5	1	1	1	1	3	4	5	5	1	4	1	1	1	3	3	3	1	3	1	1	1	3	5	5	1	1	1	1	1	5	5	5	1	5	1	1	1	3	4	4	1	4	1	1	1	3	3	3	1	5	1	1	1	3	5	5	1	5	1	1	1	5	5	5	1	5	1	1	1	3	4	4	1	1	1	1	1	3	3	3	1	1	1	1	1	1	5	1	1	3	1	1	1	3	5	4	1	1	1	1	1	1	5	1	1	1	1	1	1	3	3	3	1	1	1	1	1	3	5	3	1	1	1	1	1	3	5	4	1	1	1	1	1	4	4	4	3	3	1	1	1	4	5	5	1	1	1	1	1	5	5	5	1	5	1	1	1	5	5	5	5	1	1	1	1	3	5	5	1	1	1	1	1	1	5	3	1	1	1	1	1	5	5	5	1	5	1	1	1	5	5	5	1	3	1	1	1	3	5	5	1	1	1	1	1	5	5	5	5	5	1	1	1	5	5	5	1	5	1	1	1	4	5	5	1	1	1	1	1	3	4	3	1	1	1	1	1	3	4	4	1	1	1	1	1	3	5	5	1	1	1	1	1	4	5	5	1	1	1	1	1	4	5	5	1	1	1	1	1	3	4	4	1	1	1	1	1	4	5	5	1	1	1	1	5	4	5	5	1	5	1	1	5	5	5	5	1	5	1	1	3	3	5	5	1	1	1	1	1	4	5	5	1	1	1	1	5	4	5	5	1	5	1	1	1	3	5	5	1	1	1	1	1	3	5	5	1	5	1	1	1	1	5	1	1	5	1	1	1	3	5	5	1	5	1	1	5	1	5	1	1	5	1	1	1	3	3	4	1	3	1	1	1	5	5	5	1	1	5	1	1	5	5	5	1	1	1	5	5	3	4	5	1	1	1	1	1	4	5	5	1	5	1	1	1	3	3	3	1	1	1	1	1	3	5	5	1	1	1	1	1	3	3	5	1	5	1	1	1	3	3	3	1	1	1	1	1	5	5	5	1	5	1	1	5	3	4	4	1	1	1	1	5	4	5	5	1	5	1	1	1	4	5	5	1	5	1	1	1	5	5	5	1	5	1	1	5	4	5	5	1	5	1	1	1	4	5	5	1	1	1	1	1	4	5	5	1	5	1	1	1	3	5	5	1	3	1	1	1	4	5	5	1	1	1	1	5	3	3	3	1	1	1	1	1	1	5	1	1	1	1	1	1	3	4	5	1	5	1	1	1	3	4	4	1	1	1	1	1	3	4	4	1	1	1	1	1	3	4	4	1	1	1	1	1	4	5	5	1	5	1	1	5	5	5	5	1	5	1	1	5	4	5	5	1	5	1	1	1	3	4	5	1	1	1	1	1	5	5	5	1	1	1	1	5	5	5	5	1	5	1	1	5	3	5	5	1	1	1	1	1	5	5	5	1	1	1	1	1	4	5	5	1	1	1	1	1	5	5	5	1	5	1	1	1	4	4	4	1	1	1	1	1	1	5	4	1	1	1	1	1	1	5	3	1	1	1	1	1	3	5	5	1	1	1	1	1	4	5	5	1	1	1	1	1	3	5	5	1	3	1	1	1	2	5	3	1	5	1	1	1	5	5	5	1	1	1	1	1	1	3	3	1	1	1	1	1	4	5	5	1	1	1	1	1	3	3	3	1	4	1	1	1	4	5	5	1	1	1	1	5	3	3	3	1	3	1	1	1	4	5	5	1	1	1	1	1	3	4	4	1	5	1	1	1	3	3	3	1	1	1	1	1	3	5	5	1	1	1	1	1	3	3	1	1	1	1	1	1
5	3	3	1	3	1	1	2	5	5	5	1	5	1	1	3	3	1	2	1	2	1	1	1	5	1	1	1	1	1	1	1	5	3	1	1	2	1	1	2	5	5	5	1	3	1	1	1	1	1	1	1	1	1	1	1	1	1	1	1	1	1	1	1	3	3	3	1	3	1	1	1	5	5	5	3	5	3	1	1	4	3	2	1	1	1	1	1	3	2	1	1	1	1	1	1	3	1	3	1	1	1	1	1	5	5	5	1	1	1	1	1	3	1	1	1	1	1	1	1	3	1	3	2	2	1	1	1	3	3	3	1	1	1	1	1	3	4	2	2	2	1	1	1	3	2	1	1	1	1	1	1	1	1	1	1	1	1	1	1	5	3	1	2	3	1	1	1	5	5	1	4	3	1	1	1	5	4	3	1	1	1	1	1	1	1	1	1	1	1	1	1	5	4	5	3	2	1	1	1	5	4	5	2	3	1	1	2	4	3	3	2	2	1	1	1	3	3	1	3	1	1	1	1	4	4	3	1	3	1	1	1	3	3	3	1	1	1	1	1	3	1	1	1	1	1	1	1	2	3	1	1	2	1	1	2	3	2	2	1	1	1	1	1	5	5	5	3	3	1	1	3	5	3	4	1	1	1	1	1	5	5	5	3	3	1	1	3	5	5	5	1	1	1	1	5	5	5	5	1	3	1	1	2	1	1	1	1	1	1	1	1	3	3	3	1	1	1	1	1	5	5	5	1	2	1	1	3	5	3	3	1	1	1	1	1	4	3	2	1	3	1	1	1	5	3	5	1	3	1	1	1	5	5	5	1	3	1	1	1	5	5	3	1	3	1	1	3	5	4	3	3	3	1	1	1	4	3	2	1	2	1	1	1	5	5	1	1	1	3	1	2	5	4	4	1	1	1	5	5	1	1	5	1	1	1	1	1	5	3	2	2	2	1	1	1	1	1	1	1	1	1	1	1	5	5	5	1	3	1	1	5	1	1	1	1	1	1	1	1	2	1	1	1	1	1	1	1	5	4	5	1	3	1	1	2	5	5	5	1	5	1	1	4	3	3	3	1	3	1	1	1	5	5	5	1	5	1	1	1	5	5	3	1	3	1	1	3	3	1	3	1	2	1	1	1	3	3	3	1	3	1	1	1	3	1	3	1	3	1	1	1	5	5	5	1	3	1	1	1	5	3	3	1	3	1	1	2	5	4	3	1	1	1	1	1	1	1	1	1	1	1	1	1	3	1	1	1	1	1	1	1	5	4	3	1	1	1	2	3	1	1	1	1	1	1	1	1	3	2	3	1	1	1	1	3	5	5	5	1	3	1	1	5	4	4	3	1	3	1	1	1	1	1	1	1	1	1	1	1	3	1	1	1	3	1	1	1	5	4	3	1	2	1	1	3	5	5	5	1	3	1	1	5	3	2	1	1	1	1	1	1	3	3	1	1	3	1	1	3	5	5	5	3	3	1	1	1	5	5	3	1	5	1	1	1	1	1	1	1	1	1	1	1	1	1	1	1	1	1	1	1	5	5	5	3	3	1	1	1	5	5	5	3	5	1	1	1	3	1	1	1	1	1	1	1	5	4	5	3	2	1	1	2	5	4	3	1	3	1	1	1	3	3	3	1	2	1	1	2	4	2	1	1	1	1	1	1	4	3	3	2	1	1	1	2	5	3	1	1	3	1	1	1	4	2	4	5	1	1	1	1	3	2	1	1	1	1	1	1	1	1	3	1	1	1	1	1	3	2	3	1	1	1	1	1	5	4	2	1	1	1	1	1	3	1	2	1	1	1	1	1	1	1	3	1	1	1	1	1
5	5	5	5	5	5	5	5	5	5	5	3	4	4	4	5	3	3	5	3	2	2	2	3	4	3	4	4	3	4	4	4	4	3	3	2	3	3	2	3	5	4	5	5	4	5	4	5	3	4	3	3	4	3	4	3	2	2	2	3	2	2	2	2	3	4	3	3	5	2	2	5	4	2	4	3	3	4	4	2	3	2	4	2	3	2	2	4	3	4	3	3	4	4	3	3	2	3	2	4	3	3	2	3	4	4	5	5	5	5	5	5	2	2	3	2	4	2	2	2	3	3	4	3	4	2	2	3	4	3	3	4	3	3	4	4	4	3	3	4	4	3	4	3	2	3	3	2	3	4	3	3	2	3	3	2	3	3	2	3	4	4	5	3	4	4	3	4	4	3	2	3	3	3	2	3	2	2	3	2	3	3	2	2	2	3	3	2	3	4	3	3	4	4	5	4	5	5	3	5	5	4	4	4	5	4	4	5	3	4	4	5	4	2	2	3	3	1	3	2	3	3	2	3	3	3	2	3	3	2	3	4	4	4	4	4	4	2	3	3	2	3	2	2	3	4	4	4	2	3	2	2	3	3	2	3	1	3	2	3	2	2	3	3	4	2	3	3	4	3	2	4	3	4	3	2	2	3	3	3	2	3	4	3	3	2	2	3	5	5	4	3	5	3	3	5	1	2	2	2	3	3	3	5	3	4	3	3	3	3	2	3	2	4	2	3	3	2	3	2	5	5	5	4	4	3	3	5	3	3	2	3	3	5	5	5	2	3	3	2	3	3	2	4	4	3	3	2	5	3	4	3	2	2	3	3	2	3	3	2	1	1	1	1	1	1	1	1	2	2	3	3	2	2	2	2	3	2	3	2	4	3	3	3	4	3	3	4	4	5	5	5	5	5	5	4	4	5	5	5	3	3	2	2	3	3	4	3	2	3	3	2	3	5	4	5	4	3	2	3	3	2	3	3	4	4	4	4	5	3	2	5	2	3	2	3	3	2	3	4	5	3	2	3	2	3	3	3	4	2	3	3	2	3	4	5	4	4	5	3	3	2	2	5	2	4	4	3	3	3	2	4	4	4	2	3	2	3	3	2	2	3	3	4	3	4	4	5	4	3	3	3	2	3	3	3	4	4	4	4	4	3	3	2	2	4	2	3	3	2	2	2	4	3	4	4	3	4	2	4	2	3	3	2	3	3	2	4	4	3	2	3	3	2	2	4	3	3	3	3	4	2	3	3	4	3	4	3	3	2	2	3	2	3	2	2	2	3	2	2	3	2	3	2	2	3	3	3	2	2	3	3	2	3	4	4	4	4	5	4	3	3	3	3	4	4	4	3	3	4	4	5	2	3	3	2	2	3	3	4	2	2	3	3	2	3	3	2	5	4	4	5	5	5	4	5	5	5	5	4	5	4	3	5	3	2	3	3	2	3	4	4	4	4	4	4	3	5	3	5	4	3	3	2	3	3	3	2	4	4	4	4	5	4	3	4	3	2	1	2	2	3	2	2	4	3	4	3	3	3	3	3	4	4	3	4	4	5	4	5	2	3	2	2	4	3	3	3	2	3	4	3	2	3	3	1	4	2	3	3	3	2	2	4	1	2	2	3	3	3	3	3	2	4	3	2	3	3	2	3	2	3	2	3	4	3	3	3	4	3	4	4	3	4	4	3	3	3	4	3	3	3	2	5	3	2	3	4	3	4	3	3	4	3	4	4	3	4	3	3	2	3	3	2	3	3	2	3	3	4	4	3	3	2	2	4	2	3	2	2	3	2	3	3	1	1	1	2	3	2	2	2	1	1	1	2	2	2	1	1
5	5	5	1	4	1	1	5	5	5	5	2	5	1	1	4	2	3	4	1	1	1	1	1	3	5	4	2	2	1	1	1	5	5	5	2	5	1	1	1	5	5	5	3	5	2	1	1	3	3	2	1	1	1	1	1	1	1	3	1	1	1	1	1	4	3	4	1	4	1	1	1	5	5	5	5	5	2	1	1	2	3	4	2	4	1	1	1	3	4	4	3	4	1	1	1	3	3	3	2	2	1	1	1	4	5	5	3	4	2	1	1	1	3	4	1	2	1	1	1	1	1	1	1	1	1	1	1	4	4	5	3	3	1	1	1	2	3	4	1	2	1	1	1	1	4	3	1	1	1	1	1	3	4	4	5	4	1	1	1	5	5	5	5	5	3	1	2	5	5	5	5	3	1	1	1	2	3	3	1	4	1	1	1	1	1	1	1	1	1	1	1	5	5	5	5	5	1	1	1	5	5	5	2	4	1	1	1	1	4	2	3	2	1	1	1	2	4	4	3	2	1	1	1	4	4	3	2	5	1	1	1	3	3	3	1	1	1	1	1	2	2	1	1	1	1	1	1	2	3	3	2	2	1	1	1	2	2	4	1	1	1	1	1	2	3	4	2	2	1	1	1	2	3	4	4	4	1	1	1	2	1	3	1	1	1	1	1	5	5	5	5	5	1	1	4	5	5	4	1	4	1	1	2	3	3	4	1	5	1	1	1	1	1	1	1	1	1	1	1	5	5	5	1	5	1	1	5	4	4	4	1	4	1	1	1	1	2	1	1	1	1	1	1	4	3	5	5	3	1	1	1	5	5	4	1	5	1	1	1	5	5	5	1	5	1	1	5	2	3	3	1	4	1	1	1	1	2	1	1	2	1	1	1	5	5	5	1	4	4	3	2	5	5	5	1	4	2	5	4	3	3	3	1	1	1	1	1	2	1	1	1	1	1	1	1	4	4	3	1	3	1	1	2	5	5	5	1	5	1	1	3	1	3	3	1	1	1	1	1	1	1	3	1	1	1	1	1	5	5	5	1	5	1	1	5	5	5	4	1	5	1	1	2	2	2	4	1	1	1	1	1	4	5	5	5	5	1	1	1	5	5	4	1	5	1	1	1	5	4	4	3	4	1	1	1	1	1	1	1	1	1	1	1	3	2	4	1	2	1	1	1	5	5	5	1	5	1	1	2	5	5	5	2	5	1	1	4	2	2	1	1	1	1	1	1	1	2	1	1	1	1	1	1	2	3	1	1	1	1	1	2	4	3	4	1	2	1	1	1	2	2	2	1	1	1	1	1	1	1	1	1	1	1	1	1	5	5	5	1	5	1	1	5	5	5	5	3	5	1	1	2	1	3	3	1	4	1	1	1	2	4	3	1	3	1	1	1	5	5	5	2	5	1	1	4	5	5	4	1	5	1	1	1	1	4	3	1	4	1	1	1	2	3	4	1	2	1	1	1	4	3	4	4	4	1	1	1	5	5	5	5	5	1	1	1	2	2	2	1	1	1	1	1	2	2	3	1	1	1	1	1	5	5	5	5	5	1	1	4	3	4	4	3	3	1	1	1	2	2	5	1	1	1	1	1	3	4	4	5	3	1	1	1	5	5	5	4	5	1	1	1	2	2	4	2	2	1	1	2	2	2	3	1	1	1	1	1	2	4	4	3	2	1	1	1	5	5	5	3	5	1	1	1	5	5	5	1	4	1	1	2	1	3	2	1	1	1	1	1	2	2	2	1	1	1	1	1	4	5	5	3	3	1	1	1	2	1	1	1	1	1	1	1	1	3	4	1	1	1	1	1	1	2	1	1	1	1	1	1
4	4	4	2	5	2	1	5	4	4	4	2	5	2	1	4	3	3	3	2	3	1	1	3	4	3	4	3	3	1	1	4	4	4	4	3	4	1	1	4	4	4	4	2	5	1	1	4	3	3	3	2	3	2	2	3	3	4	3	1	4	1	1	3	4	3	4	4	4	3	2	3	3	4	4	2	5	1	1	2	4	4	4	3	4	1	1	3	4	3	3	1	3	1	1	3	4	3	4	3	3	2	2	3	4	4	4	4	4	4	4	4	4	4	4	3	3	3	3	4	3	3	3	3	3	1	1	3	4	4	4	4	4	3	3	4	4	4	4	3	4	2	2	4	3	3	3	3	3	3	3	3	4	4	4	4	4	2	1	3	4	4	4	3	4	2	2	3	4	4	4	4	3	1	1	3	4	4	4	4	4	3	3	4	4	4	3	2	3	1	1	3	4	4	4	3	4	2	2	4	4	4	4	3	4	1	1	4	4	4	4	4	3	1	1	3	4	4	4	4	3	1	1	3	4	4	4	3	5	1	3	3	4	4	4	3	4	1	1	3	3	3	3	2	2	2	2	2	4	4	4	4	4	2	1	4	4	3	3	3	3	2	2	3	3	4	3	2	3	2	1	3	3	3	3	3	3	1	1	3	3	3	3	2	2	1	1	2	5	5	4	1	5	1	1	5	4	4	4	1	4	1	1	4	3	4	3	1	4	1	1	3	4	4	3	1	4	2	2	4	4	4	4	2	4	2	2	4	3	3	3	1	4	1	1	3	4	4	4	1	4	1	1	4	3	3	4	3	5	1	1	4	4	4	4	2	5	1	1	4	3	3	3	1	4	1	1	4	4	4	4	4	5	1	1	4	3	3	3	4	4	1	1	3	4	4	4	3	4	3	4	4	4	4	4	3	4	4	4	4	4	4	4	2	4	2	3	3	4	4	4	1	4	2	3	4	3	3	3	1	1	1	1	1	4	4	3	3	4	1	1	3	3	4	3	1	4	1	1	3	4	4	3	3	4	3	3	4	4	4	4	4	4	4	4	4	4	4	4	3	5	2	1	3	4	4	4	1	4	2	2	4	4	4	4	2	5	1	1	4	4	3	4	1	4	1	1	4	4	4	4	2	4	1	1	4	3	3	3	3	3	1	1	3	3	3	3	3	3	1	1	3	4	4	3	2	4	3	1	3	4	4	3	3	4	1	1	3	4	3	3	2	3	1	1	3	3	3	3	2	1	1	1	1	4	4	4	4	4	4	4	4	4	4	4	3	3	2	2	2	3	3	3	2	3	3	3	3	4	3	3	2	2	1	1	2	4	4	4	3	4	1	1	4	4	4	3	1	5	1	1	5	3	3	3	1	5	1	1	3	3	3	3	1	4	1	1	4	4	4	4	3	4	2	2	4	4	4	4	3	2	2	1	5	4	4	4	2	4	1	1	4	3	3	3	2	3	2	2	3	4	3	4	3	4	2	2	4	4	4	4	3	5	2	2	3	2	2	2	3	3	2	2	2	3	3	3	3	3	3	3	3	4	4	4	3	4	1	1	3	4	4	4	4	4	4	4	4	4	4	3	3	3	1	1	2	4	3	3	4	4	1	1	3	4	4	4	2	5	2	2	4	4	4	3	2	4	2	1	3	4	4	3	3	3	3	3	4	4	4	4	4	4	1	1	1	4	4	3	3	4	3	2	4	4	4	4	2	4	2	1	4	3	3	3	1	5	1	1	3	3	4	4	2	4	1	1	3	4	4	4	4	4	1	1	4	4	4	4	4	4	2	2	3	3	3	3	2	3	2	1	3	3	3	3	2	3	2	2	3
4	4	4	3	3	2	3	3	3	3	3	2	2	2	2	2	4	4	4	2	3	4	3	4	4	4	3	3	3	3	3	3	2	2	4	3	4	4	4	3	2	2	3	3	3	3	4	3	4	4	4	4	4	4	4	4	3	4	4	4	3	3	3	3	4	4	3	3	3	2	3	3	4	4	3	3	3	3	2	2	2	3	3	3	3	3	2	3	2	2	3	3	4	4	3	2	2	3	3	3	3	3	2	2	2	3	3	3	2	2	2	2	2	2	3	3	3	3	3	3	4	4	4	3	3	3	2	2	4	4	5	5	4	4	5	5	3	3	4	4	4	3	3	3	3	3	3	4	4	4	4	3	4	4	4	4	4	4	4	4	3	3	3	3	3	3	3	3	4	4	4	4	4	4	4	4	3	3	2	2	2	2	3	3	3	3	3	3	3	3	2	2	2	2	3	3	3	3	2	2	2	2	3	3	4	3	3	2	3	3	2	2	2	3	3	3	5	4	3	3	3	4	4	3	4	4	4	3	3	4	3	3	3	3	2	2	2	2	2	2	2	2	3	3	3	2	2	2	4	4	4	3	3	3	4	4	4	3	3	3	4	4	4	4	4	4	4	3	2	2	2	3	4	4	4	4	4	4	4	4	3	3	3	3	2	2	2	2	3	3	4	4	4	3	3	2	2	2	2	3	3	2	2	2	2	2	2	3	3	3	3	3	4	4	3	3	3	4	4	4	2	2	3	3	2	2	2	3	4	4	4	4	4	4	4	3	4	4	4	3	4	3	4	4	4	4	4	3	3	3	3	3	2	2	2	3	3	3	2	2	2	2	2	2	3	3	3	3	3	3	4	4	4	3	3	3	3	3	3	2	3	3	3	3	3	3	3	2	1	2	2	2	2	4	3	3	3	3	3	3	3	4	4	4	4	3	3	3	4	3	3	4	3	2	4	4	4	3	3	3	3	3	3	4	3	3	3	3	2	2	2	3	4	3	3	3	3	4	4	3	4	4	4	3	3	3	3	3	4	2	2	3	2	3	3	3	3	3	3	2	2	3	3	3	3	3	2	2	2	3	3	3	3	3	3	2	4	3	3	3	5	4	4	3	3	4	3	3	3	3	3	4	4	4	3	3	2	2	3	3	3	3	4	2	4	3	3	3	4	4	3	3	3	3	4	4	3	3	3	3	3	3	3	2	2	2	2	3	2	2	3	3	2	3	2	3	3	3	4	4	4	4	4	3	4	4	4	3	3	3	3	3	4	4	4	4	4	4	4	3	2	2	2	3	3	2	2	2	4	3	3	4	4	3	3	3	3	3	3	4	4	4	3	2	4	4	4	4	4	4	4	4	4	3	4	4	4	4	3	3	1	2	3	3	3	4	4	4	4	4	4	3	3	4	4	4	2	4	3	3	3	3	2	3	4	3	3	3	3	4	4	4	2	2	3	3	3	3	2	3	3	3	3	3	4	4	4	4	4	3	3	3	3	3	4	4	5	5	5	4	4	3	3	4	2	2	2	2	3	4	3	3	3	3	4	4	4	4	2	2	4	4	4	4	4	4	4	3	4	4	3	4	4	4	4	4	5	4	5	5	4	4	3	3	4	3	3	3	4	4	4	4	3	3	2	2	3	3	3	3	3	3	3	3	2	3	3	3	2	2	3	3	3	2	2	3	3	3	3	2	2	3	3	3	4	4	3	3	4	4	3	2	2	2	3	3	3	3	2	2	2	2	3	2	2	3	3	3	2	2	3	3	4	4	3	2	3	3	4	4	3	3	3	3	4	3	3	3	4	4	4	4	4	4	3	3	4	4	3	3
5	5	5	4	4	2	1	2	5	5	5	1	5	2	1	5	3	4	5	1	4	1	1	1	4	3	3	3	3	1	1	2	4	4	4	2	3	2	1	1	5	5	5	3	5	3	1	1	3	2	3	1	3	1	1	1	3	3	2	1	1	1	1	1	5	5	5	5	5	1	1	1	5	5	5	4	5	1	1	1	4	3	3	3	5	1	1	1	5	5	5	5	5	3	1	2	5	5	5	3	5	3	1	1	5	5	5	5	5	5	1	5	3	3	3	1	1	1	1	1	2	2	2	1	1	1	1	1	4	4	4	4	4	2	1	2	4	4	5	4	5	1	1	1	3	4	3	2	2	2	2	2	4	4	4	4	1	1	1	1	5	5	5	5	5	3	1	2	5	5	5	5	5	3	1	1	3	4	3	1	3	1	1	1	5	5	5	3	5	1	1	1	4	4	4	1	5	1	1	2	5	5	5	2	5	1	1	5	4	5	5	5	4	1	1	4	4	5	4	5	5	3	1	1	5	5	5	4	5	3	2	2	5	4	5	3	4	2	1	1	3	4	3	3	4	1	1	1	4	4	4	3	5	1	1	1	4	4	4	4	4	1	1	3	4	5	4	3	4	1	1	1	4	4	4	4	4	2	1	1	4	5	4	3	3	1	1	2	5	5	5	3	5	1	1	5	5	5	5	4	5	2	1	5	4	4	4	2	4	1	1	1	4	4	3	1	1	1	1	1	5	5	5	2	5	1	1	2	5	5	5	3	5	1	1	5	3	4	2	2	3	1	1	1	5	5	5	1	5	2	1	2	5	5	5	1	5	1	1	5	5	5	5	3	5	1	1	5	2	2	2	1	3	1	1	1	3	4	4	2	4	1	1	1	5	5	5	1	5	5	5	5	5	5	5	3	3	5	5	5	4	4	4	2	5	5	5	5	4	4	5	2	5	5	5	5	3	2	3	1	3	1	1	1	5	5	5	5	5	2	1	4	4	4	4	1	4	1	1	5	5	5	5	2	5	1	1	5	5	5	5	3	5	1	1	5	5	5	5	3	4	1	1	4	2	4	3	1	5	1	1	1	4	5	4	1	5	1	1	2	5	5	5	2	5	1	1	5	5	5	5	2	5	1	1	2	4	4	4	1	5	1	1	2	3	3	3	3	5	1	1	2	5	5	5	1	5	3	1	3	5	5	5	4	5	3	1	3	3	2	1	1	2	1	1	1	2	2	2	1	2	1	1	1	3	4	3	1	3	3	3	4	2	3	4	1	3	2	1	2	4	4	4	2	4	4	4	4	3	3	3	3	3	3	3	3	5	5	5	1	5	1	1	5	5	5	5	2	5	1	1	5	4	5	5	1	5	1	1	4	4	4	4	1	5	1	1	2	5	5	5	4	5	4	1	5	5	5	5	4	4	4	1	5	3	5	5	3	5	1	1	2	2	3	3	1	4	1	1	1	4	4	4	4	4	3	1	1	5	5	5	5	5	3	1	5	4	5	4	4	5	1	1	1	4	4	4	3	4	1	1	1	5	5	5	5	5	5	5	5	4	4	5	4	5	3	1	1	4	4	5	2	5	4	1	2	4	4	4	4	4	3	1	3	5	5	5	5	5	4	2	5	3	5	4	3	5	2	1	5	5	5	5	5	5	3	1	3	3	3	3	1	1	1	1	1	5	5	5	4	5	2	1	1	5	5	5	4	5	3	3	5	4	4	4	2	5	2	1	3	3	4	4	1	1	1	1	1	3	3	3	2	4	1	1	1	2	2	2	2	3	1	1	1	2	2	2	1	1	1	1	1	2	2	2	1	1	1	1	1
4	4	4	2	5	2	1	5	5	5	5	2	5	3	1	5	4	5	4	1	5	1	1	2	3	3	2	1	1	1	1	2	5	5	5	2	5	3	1	5	4	5	5	2	5	2	1	1	2	1	1	1	2	1	1	3	3	4	3	1	2	1	1	1	4	4	4	4	5	2	1	1	4	4	4	4	5	3	2	1	3	4	4	5	5	2	1	3	3	4	4	5	5	2	1	2	4	5	4	2	5	2	1	4	4	3	4	4	5	4	1	2	2	2	2	3	3	1	1	2	2	1	2	2	2	2	2	2	2	3	2	2	2	1	1	1	2	2	1	1	1	1	1	1	2	1	1	2	2	1	1	2	2	2	1	2	2	1	1	1	3	4	4	3	5	2	1	1	3	4	3	4	5	1	1	1	4	4	5	2	4	2	2	2	2	2	2	1	3	2	2	2	5	5	4	1	5	1	1	2	4	5	5	1	5	1	1	5	3	4	4	3	2	1	1	1	3	4	4	5	4	1	1	1	4	3	3	4	5	1	1	2	1	2	2	2	2	1	1	1	2	3	2	3	2	1	1	1	2	2	2	3	3	1	1	2	4	4	2	2	3	1	1	3	2	2	2	3	4	1	1	2	2	3	2	3	3	2	1	3	2	2	2	3	3	1	1	2	4	4	5	1	4	1	1	5	5	5	5	4	5	2	2	5	3	4	4	1	3	1	1	2	4	4	5	1	5	1	1	2	4	5	5	1	5	2	1	5	3	2	3	1	4	2	1	2	4	3	4	1	5	2	1	2	2	2	3	1	3	1	1	2	4	5	5	1	5	2	1	5	4	4	5	2	5	1	1	5	2	3	2	1	4	1	1	2	3	2	2	1	4	1	1	4	5	5	4	3	4	5	3	5	5	5	4	1	3	4	5	5	3	3	4	1	1	1	1	1	5	4	4	1	4	4	4	3	4	4	3	1	4	1	1	5	5	5	5	2	5	1	1	5	2	3	4	1	5	1	1	5	3	3	4	1	4	1	1	5	4	5	5	2	5	2	1	5	2	3	3	1	3	1	1	3	4	4	5	1	5	1	1	2	3	2	4	1	2	1	1	1	4	3	4	1	5	1	1	5	3	4	4	1	5	2	1	3	2	3	2	1	4	1	1	3	3	4	3	1	2	1	1	2	3	2	3	2	4	2	1	1	3	3	3	2	4	1	1	5	2	3	3	1	3	1	1	1	2	3	2	5	4	1	1	2	3	3	2	1	3	2	1	4	4	4	4	2	3	2	1	2	3	3	2	2	3	3	2	2	3	2	3	1	1	1	1	1	5	5	5	1	5	1	1	5	5	5	4	1	5	1	1	5	2	4	5	2	5	5	1	3	2	2	2	1	3	1	1	2	5	5	5	3	5	2	1	5	3	5	4	2	5	5	1	5	4	4	3	1	5	1	1	3	2	2	1	1	2	1	1	3	2	3	3	4	5	2	1	2	3	3	4	1	5	1	1	1	2	2	2	2	3	2	2	1	2	2	3	1	1	1	1	1	3	3	4	3	5	1	1	5	3	4	4	4	5	1	1	2	2	2	2	2	3	2	1	2	2	2	2	4	3	1	1	2	3	3	3	4	5	1	1	1	2	3	2	2	2	1	1	1	3	4	4	2	1	1	1	1	3	3	3	3	4	1	1	2	3	3	4	1	5	1	1	2	4	5	4	2	3	3	1	5	4	5	5	3	5	3	1	4	3	4	5	1	1	1	1	1	1	2	2	1	3	1	1	2	1	2	1	1	1	1	1	1	2	2	3	1	1	1	1	1	1	2	2	1	1	1	1	1
5	5	5	1	1	1	1	5	5	5	5	3	5	1	1	2	5	5	5	1	5	1	1	1	2	2	1	1	2	1	1	1	5	5	5	3	5	1	1	5	5	5	5	1	5	1	1	2	1	2	1	1	2	1	1	1	2	2	1	1	1	1	1	1	5	5	5	1	5	1	1	1	5	5	5	1	5	1	1	1	4	5	4	3	4	3	2	2	5	5	5	1	2	1	1	1	5	5	5	5	5	1	1	5	5	5	5	1	4	1	1	2	3	4	3	1	1	1	1	1	3	4	4	1	1	1	1	1	4	5	5	1	2	1	1	1	4	5	5	2	3	1	1	1	5	5	5	1	1	1	1	1	5	5	5	5	1	1	1	1	5	5	5	3	5	1	1	1	5	5	5	5	2	1	1	1	4	5	3	3	2	1	1	2	1	2	1	1	1	1	1	1	5	5	5	5	5	1	1	1	5	5	5	4	5	1	1	5	4	5	4	5	1	1	1	1	5	5	5	5	1	1	1	1	5	5	5	3	5	1	1	2	5	5	5	3	3	1	1	1	5	5	4	5	5	1	1	4	4	5	3	5	5	1	1	2	4	4	4	1	1	1	1	1	5	5	5	1	2	1	1	1	3	5	5	1	2	1	1	1	4	5	5	1	2	1	1	1	5	5	5	1	5	1	1	5	5	5	5	1	5	1	1	5	4	5	2	1	4	1	1	1	5	5	4	1	3	1	1	1	5	5	5	1	3	1	1	3	5	5	5	1	4	1	1	3	3	4	2	1	1	1	1	1	4	5	5	1	5	1	1	1	5	5	5	1	5	1	1	5	4	4	4	1	5	1	1	5	4	5	4	1	5	1	1	3	5	5	5	1	5	1	1	1	4	3	2	1	4	5	5	5	5	5	5	1	1	3	5	5	3	4	2	1	1	1	2	1	5	5	5	1	3	1	1	1	4	5	5	1	2	1	1	1	5	5	5	1	5	1	1	3	5	5	5	1	2	1	1	2	5	5	5	1	5	1	1	3	5	5	5	1	5	1	1	5	4	5	5	1	4	1	1	1	4	5	4	1	1	1	1	1	5	5	5	4	5	1	1	3	4	4	3	1	5	1	1	5	5	5	5	1	5	1	1	1	3	3	2	1	4	1	1	1	4	5	5	1	4	1	1	1	5	5	5	1	5	1	1	1	5	5	5	3	3	1	1	2	2	3	2	1	2	1	1	1	1	1	1	1	2	1	1	1	4	5	4	1	2	1	1	1	5	5	5	1	1	1	1	1	4	5	4	2	2	1	1	1	4	5	5	1	1	1	1	1	5	5	5	1	3	1	1	5	5	5	5	1	3	1	1	5	4	5	5	1	4	1	1	1	3	4	3	1	1	1	1	1	5	5	5	1	5	1	1	4	5	5	5	1	5	1	1	5	4	5	4	1	2	1	1	4	1	3	1	1	1	1	1	1	5	5	5	1	1	1	1	1	5	5	5	3	5	1	1	1	5	5	4	1	1	1	1	1	4	4	4	1	2	1	1	1	5	5	5	3	4	2	2	2	4	5	5	2	2	1	1	1	2	3	4	2	3	1	1	2	5	5	5	3	2	1	1	1	5	5	5	4	5	1	1	1	3	4	5	5	4	1	1	2	4	5	3	3	1	1	1	1	5	5	5	1	2	1	1	1	5	5	5	1	5	1	1	1	5	5	5	4	5	1	1	5	5	5	5	1	5	1	1	1	1	2	1	1	2	1	1	1	4	4	3	1	1	1	1	1	3	3	2	1	2	1	1	1	2	3	1	1	1	1	1	1	3	3	2	1	1	1	1	1
5	5	4	3	4	2	4	5	5	5	5	5	5	5	3	5	2	3	4	4	2	1	1	2	4	5	2	1	1	1	1	3	5	5	5	5	5	5	2	4	5	5	5	5	5	5	5	5	5	5	5	5	5	2	2	5	4	4	2	1	4	1	1	4	5	5	5	5	5	4	2	4	5	5	5	5	5	5	5	5	3	4	3	4	4	3	1	2	5	5	5	5	5	4	2	3	5	5	5	5	5	5	5	5	5	5	5	5	5	5	5	5	4	4	4	2	4	1	1	1	3	4	3	3	4	1	1	1	3	5	5	5	5	3	2	2	5	5	5	5	5	2	2	2	2	3	4	2	1	1	1	1	4	5	3	4	4	4	4	5	5	5	5	5	5	5	5	5	3	5	4	5	5	4	4	2	2	5	1	1	2	1	1	1	2	5	3	4	4	4	4	4	5	5	5	5	5	1	1	5	5	5	5	3	5	3	1	5	5	5	5	5	5	3	2	5	2	3	4	4	4	4	4	4	5	5	5	5	5	5	5	5	4	5	5	5	5	3	2	5	2	2	4	3	2	1	1	1	4	5	5	5	5	3	2	4	4	5	5	5	5	2	1	3	3	5	5	5	5	1	1	4	3	5	5	5	4	2	3	3	3	5	5	5	5	5	5	5	5	5	5	5	5	5	3	5	5	5	4	2	5	4	3	5	4	5	5	4	5	3	2	5	2	4	5	5	5	1	1	5	5	5	5	5	5	5	2	5	4	4	2	2	4	2	2	4	2	5	5	4	5	1	1	5	4	5	5	3	5	4	3	4	5	5	5	4	5	4	2	5	5	5	5	5	5	4	3	5	5	5	5	2	5	1	1	5	4	5	5	5	5	1	1	5	5	5	5	5	5	5	5	5	4	4	4	4	4	5	5	5	4	5	5	5	5	3	2	5	2	3	4	4	4	1	1	3	5	5	5	5	5	5	2	3	5	5	5	4	5	3	2	5	2	3	4	4	5	4	3	5	3	5	4	4	5	5	3	4	5	5	5	3	5	2	1	5	5	5	5	3	5	4	1	5	2	5	5	5	5	5	3	5	4	5	5	5	5	3	2	4	5	5	5	5	5	5	2	5	4	4	4	4	4	4	2	4	2	4	4	4	2	1	1	1	2	5	5	5	5	1	1	5	5	5	5	5	5	5	5	5	5	5	4	5	5	5	5	5	2	2	4	3	4	1	1	4	4	5	5	5	5	5	3	5	5	5	5	4	5	3	3	4	4	5	5	5	5	5	1	5	3	2	4	4	4	1	1	1	3	4	5	5	5	1	1	4	5	5	5	5	5	2	2	5	5	5	5	5	5	4	2	5	4	5	5	2	5	4	2	5	2	2	4	1	4	1	1	4	5	5	5	4	5	4	3	5	5	5	5	5	5	5	4	5	5	5	4	2	5	2	2	5	5	5	5	3	5	2	1	4	4	4	5	5	5	5	4	4	5	5	5	5	5	5	5	5	2	3	4	4	4	4	4	4	3	5	5	5	5	5	5	5	5	5	5	5	5	3	3	5	4	4	5	5	5	3	2	3	3	4	4	4	4	1	1	4	3	5	5	5	5	1	1	1	5	5	5	5	5	5	5	5	4	4	4	4	4	4	2	4	2	3	4	4	4	1	1	3	3	5	5	5	5	5	5	5	5	5	5	5	5	1	1	5	5	5	5	5	5	3	2	5	3	4	4	2	4	2	2	2	1	1	1	1	3	2	1	1	5	5	5	5	5	2	1	5	4	4	4	4	4	1	1	3	4	4	5	5	5	1	1	3	3	5	5	5	5	2	1	5
3	5	5	1	1	1	1	1	5	5	5	3	5	2	1	4	2	2	3	1	4	1	1	1	2	3	1	1	1	1	1	1	4	4	4	2	3	1	1	2	3	3	5	1	4	1	1	1	2	2	3	1	1	1	1	1	1	1	2	1	1	1	1	1	3	3	4	1	4	1	1	1	3	5	5	1	4	1	1	1	1	2	5	1	2	1	1	1	1	3	5	1	1	1	1	1	1	2	3	1	1	1	1	1	5	5	5	5	5	5	4	4	1	2	2	1	1	1	1	1	1	1	3	1	1	1	1	1	1	5	5	3	3	1	1	1	1	4	3	1	1	1	1	1	1	1	4	1	1	1	1	1	2	4	3	4	1	1	1	1	4	4	5	3	3	1	1	1	4	5	5	4	5	1	1	2	1	1	2	1	1	1	1	1	3	5	4	4	4	2	2	2	3	5	5	5	5	1	1	1	3	5	5	2	4	1	1	1	2	2	4	3	1	1	1	1	1	1	3	3	1	1	1	1	5	5	4	3	4	1	1	1	1	1	1	1	1	1	1	1	1	1	2	1	1	1	1	1	1	1	2	1	1	1	1	1	1	2	4	1	1	1	1	1	2	2	4	1	1	1	1	1	1	3	5	1	1	1	1	1	2	2	5	2	2	1	1	1	5	5	5	3	5	1	1	1	2	2	1	1	2	1	1	2	1	1	3	1	1	1	1	1	1	1	1	1	1	1	1	1	4	4	5	1	4	1	1	4	5	5	5	1	4	1	1	4	1	1	5	1	1	1	1	1	3	3	5	3	5	1	1	1	5	5	5	1	4	1	1	4	5	5	5	1	5	1	1	3	1	2	4	1	4	1	1	4	3	1	5	1	1	1	1	1	1	3	4	1	2	3	1	1	5	5	5	2	5	3	5	4	3	5	5	3	5	2	4	4	1	1	3	1	1	1	1	1	1	1	1	1	1	1	1	1	5	5	5	2	5	1	1	3	1	1	3	1	2	1	1	1	1	2	1	1	1	1	1	1	5	5	5	2	5	2	1	2	3	5	5	1	4	1	1	4	2	3	5	1	3	1	1	1	2	5	5	5	4	1	1	1	5	5	5	1	5	1	1	4	2	2	4	1	4	1	1	2	1	1	2	1	3	1	1	1	1	1	2	1	1	1	1	1	5	5	5	1	3	1	1	1	5	5	5	3	5	1	1	4	2	4	5	2	2	1	1	1	2	3	5	4	3	1	1	1	1	1	4	1	3	1	1	1	1	3	5	3	1	3	3	1	1	1	4	1	1	1	1	1	1	1	4	1	1	1	1	1	5	5	5	3	4	1	1	4	1	2	2	1	3	1	1	3	1	2	4	1	4	1	1	1	1	2	1	1	1	1	1	1	4	4	3	4	4	2	2	5	3	5	5	1	2	1	1	3	1	1	1	1	1	1	1	1	3	4	2	1	4	1	1	2	1	2	3	2	2	2	1	1	4	4	4	4	4	2	2	2	1	1	1	1	1	1	1	1	1	1	1	1	1	1	1	1	3	5	5	4	4	1	1	3	1	2	3	1	4	1	1	1	2	2	4	5	3	1	1	1	1	3	4	4	1	1	1	1	5	5	4	3	5	1	1	1	4	4	3	2	4	1	1	1	3	2	3	2	2	1	1	1	2	5	5	4	1	1	1	1	1	1	2	1	1	1	1	1	3	4	2	2	3	2	1	3	1	1	2	1	1	1	1	1	1	1	4	1	1	1	1	1	1	2	3	1	1	1	1	1	1	1	1	1	1	1	1	1	1	1	1	1	1	1	1	1	1	1	4	1	1	1	1	1
5	5	5	2	5	2	1	5	5	5	5	1	5	5	1	5	3	5	5	5	5	2	1	1	4	5	5	5	5	2	1	3	4	5	5	5	5	1	1	2	5	5	5	5	5	1	1	1	3	5	5	1	5	5	2	5	3	5	4	5	5	1	1	4	4	5	5	5	5	5	1	5	5	5	5	5	5	5	1	5	5	5	5	5	5	4	1	1	3	5	5	5	5	3	1	5	4	5	5	5	5	5	5	5	5	5	5	5	5	5	5	5	3	5	5	5	5	5	5	5	3	5	5	5	5	5	5	5	4	5	5	5	5	1	1	1	4	5	5	5	5	1	1	5	4	5	5	5	5	1	2	1	5	5	5	5	5	1	5	5	5	5	5	5	5	1	1	5	5	5	5	5	5	1	1	1	3	5	5	5	5	1	3	5	3	5	5	5	1	1	2	1	5	5	5	5	5	1	2	5	5	5	5	5	5	5	5	5	4	5	5	5	5	1	1	1	3	5	5	5	5	1	1	1	5	5	5	5	5	1	5	5	5	5	5	5	5	4	1	5	4	5	5	5	5	1	1	1	4	5	5	5	5	3	2	5	4	5	5	5	5	5	1	1	3	5	5	3	5	1	1	5	4	5	5	5	5	1	1	5	3	4	5	5	5	1	5	5	5	5	5	5	5	1	1	5	4	4	4	2	4	3	1	2	3	5	5	5	5	1	1	1	4	5	5	5	5	1	1	1	5	5	5	5	5	3	3	5	3	5	5	5	5	1	5	5	3	5	5	5	5	1	1	3	3	5	5	5	5	1	1	1	4	5	5	5	5	1	1	1	3	5	5	5	5	1	1	1	4	4	4	5	5	1	1	1	2	5	5	2	5	1	1	5	4	5	5	5	5	1	1	1	5	5	5	4	5	4	5	5	3	5	5	5	5	5	5	1	4	5	5	2	5	3	3	5	5	5	5	5	5	1	1	1	5	5	5	5	5	5	1	4	3	5	5	1	5	2	1	5	3	5	5	1	5	1	1	1	4	5	5	5	5	1	1	5	5	5	5	2	5	2	1	2	3	4	5	3	5	1	1	5	1	5	5	5	5	2	1	2	5	5	5	5	5	1	1	5	4	5	5	3	5	1	1	4	3	4	4	5	5	1	1	2	4	4	5	1	5	2	1	2	4	5	5	5	5	5	1	5	5	5	5	5	5	1	1	5	2	5	5	1	5	1	1	1	5	5	5	5	5	1	1	1	5	5	5	5	5	1	1	1	4	5	5	5	5	1	1	1	4	5	5	4	4	1	1	5	4	5	5	5	5	1	1	2	5	5	5	3	5	1	1	5	5	5	5	3	5	1	1	5	2	5	5	5	5	1	1	3	4	5	5	5	5	1	1	3	5	5	5	5	5	3	1	4	5	5	5	5	5	1	1	1	4	5	5	5	5	2	1	5	3	5	5	4	5	1	3	5	4	5	5	1	5	1	1	5	5	5	5	5	5	1	1	1	4	5	5	5	5	1	1	1	4	5	5	5	5	1	2	5	4	5	5	5	5	5	5	5	3	5	5	5	5	5	5	5	2	5	5	5	5	1	1	1	3	5	5	5	5	5	1	1	3	5	4	5	5	2	2	5	2	5	5	5	5	5	1	5	3	5	5	5	5	1	1	3	4	5	5	5	5	1	1	1	4	5	5	5	5	3	1	5	5	5	5	5	5	3	1	5	5	5	5	5	5	4	1	5	4	5	5	5	5	1	1	5	4	5	5	5	5	1	1	1	3	5	4	5	5	1	1	1	3	5	5	5	5	1	1	1	3	5	5	4	5	1	1	1
1	2	1	1	1	1	1	1	5	5	5	1	5	1	1	1	1	1	1	1	1	1	1	1	1	1	1	1	1	1	1	1	5	2	1	1	1	1	1	1	5	5	5	1	5	1	1	1	1	1	1	1	1	1	1	1	1	1	1	1	1	1	1	1	4	4	3	3	3	1	1	1	3	5	4	4	4	1	1	1	1	1	2	1	3	1	1	1	5	5	5	5	5	1	1	1	1	1	1	1	1	1	1	1	5	5	5	4	4	4	1	1	2	1	1	1	1	1	1	1	1	1	1	1	1	1	1	1	4	1	1	1	1	1	1	1	1	1	1	1	1	1	1	1	1	1	1	1	1	1	1	1	4	1	1	1	1	1	1	1	5	5	5	2	5	1	3	1	4	4	1	4	4	1	1	1	3	2	1	1	1	1	1	1	1	1	1	1	1	1	1	1	5	5	5	5	1	1	1	1	5	5	5	1	1	1	1	1	1	1	1	1	1	1	1	1	1	1	1	5	4	1	1	1	1	5	5	3	5	1	1	1	4	4	1	1	4	1	1	1	1	1	1	1	1	1	1	1	1	1	1	1	1	1	1	1	1	1	1	1	1	1	1	1	5	1	5	1	1	1	1	1	5	1	4	4	1	1	1	1	5	1	5	2	2	1	1	1	5	5	4	1	4	1	1	1	4	5	5	1	5	2	1	1	1	1	1	1	1	1	1	1	1	1	1	1	1	1	1	1	5	5	2	1	2	1	1	1	1	1	1	1	2	1	1	1	3	1	1	1	1	1	1	1	5	5	4	4	4	1	1	1	5	5	5	1	4	1	1	1	5	5	3	1	4	1	1	1	3	1	1	1	4	1	1	1	2	1	1	1	1	1	1	1	5	5	1	1	1	5	2	1	5	5	5	1	4	1	3	1	4	1	5	1	1	1	1	1	1	1	1	1	1	1	3	1	1	1	1	1	1	1	1	1	5	4	4	1	4	1	1	1	1	1	1	1	3	1	1	1	4	1	1	1	1	1	1	1	3	5	3	1	4	1	1	1	1	1	1	1	1	1	1	1	5	5	5	5	5	1	1	1	5	5	2	2	5	1	1	1	4	4	4	1	3	1	1	1	4	2	5	1	5	1	1	1	5	1	5	3	1	1	1	1	1	1	1	1	1	1	1	1	1	1	1	1	1	1	1	1	1	1	1	1	1	1	1	1	1	1	1	1	1	1	1	1	1	1	1	1	1	1	1	1	4	1	4	1	2	1	1	1	4	1	3	1	1	1	1	1	1	1	1	1	1	1	1	1	4	1	4	1	3	1	1	1	5	5	5	1	5	1	1	1	5	5	3	1	3	1	1	1	1	1	1	1	1	1	1	1	1	1	1	1	1	1	1	1	5	5	1	1	5	1	1	5	4	4	1	1	1	1	1	3	1	1	1	1	1	1	1	3	1	2	1	1	2	1	1	1	5	5	3	1	1	1	1	1	5	4	3	1	1	1	1	1	1	1	1	1	5	1	1	1	1	1	1	1	1	1	1	1	5	5	1	3	5	1	1	1	5	1	4	1	1	1	1	1	3	1	1	1	1	1	1	1	1	1	1	1	1	1	1	1	1	4	2	2	2	1	1	1	1	1	1	1	1	1	1	1	1	1	1	1	1	1	1	1	4	1	4	1	1	1	1	1	5	5	5	1	5	2	1	1	5	3	1	1	4	1	1	1	2	1	1	1	1	1	1	1	1	1	1	1	2	1	1	1	5	1	3	1	1	1	1	1	1	1	1	1	1	1	1	1	1	1	1	1	1	1	1	1	1	1	1	1	1	1	1	1
4	5	5	1	5	4	1	5	5	5	5	1	5	1	1	3	3	5	5	1	5	1	1	1	3	4	4	1	1	1	1	1	5	5	5	2	5	2	1	5	3	5	5	2	4	2	1	4	2	3	3	1	3	1	1	3	3	3	2	5	1	1	1	1	3	4	4	3	3	3	3	3	3	5	5	2	5	1	1	1	3	4	4	1	5	4	3	1	3	5	5	2	2	1	1	1	2	2	3	1	1	1	1	1	3	5	5	3	3	3	3	3	3	4	5	3	4	3	3	4	1	1	4	1	1	1	1	1	3	4	4	2	3	1	1	2	3	3	3	1	1	1	1	1	3	3	4	3	1	1	1	1	3	3	4	3	1	1	1	1	3	5	5	3	5	2	2	2	2	5	5	5	4	1	1	2	3	4	4	1	3	1	1	1	3	4	4	1	4	1	1	3	3	5	5	1	5	1	1	1	4	4	4	1	4	1	1	5	2	3	4	2	2	2	1	2	3	3	5	4	3	1	1	1	3	4	4	2	5	1	1	1	3	4	4	4	4	4	4	4	3	4	4	3	3	1	1	1	3	3	3	3	3	3	1	3	4	5	4	3	3	3	3	3	3	3	4	1	4	1	1	1	3	5	5	4	4	1	1	1	3	3	4	1	3	1	1	3	4	5	5	1	1	1	1	5	5	5	5	3	5	1	1	5	3	3	4	1	4	1	1	1	3	4	4	1	1	1	1	3	3	5	5	1	3	1	1	5	3	5	5	1	4	3	1	4	3	3	4	1	3	1	1	3	3	4	5	4	5	4	4	4	5	4	4	1	5	1	1	5	5	5	4	1	5	1	1	5	3	3	3	3	3	3	3	3	3	3	3	3	4	1	1	3	5	5	5	1	3	1	5	5	5	5	5	2	2	2	5	5	4	5	5	1	4	3	1	1	3	4	5	3	3	1	1	1	3	3	3	1	1	1	1	1	4	5	5	1	5	4	1	5	3	3	3	1	3	1	1	1	3	4	4	1	1	1	1	1	4	5	5	1	4	1	1	5	3	4	5	1	4	2	1	3	1	3	3	1	5	2	1	2	3	3	4	3	4	3	1	4	5	5	5	1	4	1	1	5	5	5	5	1	5	1	1	5	3	3	4	1	5	1	1	1	3	4	4	3	5	1	1	1	3	3	3	1	1	1	1	1	5	5	5	1	4	1	1	5	3	3	3	3	4	1	1	1	2	4	5	3	3	3	3	2	3	2	3	5	5	5	5	5	2	2	4	4	2	2	1	2	3	3	4	2	3	1	1	3	3	5	4	1	1	1	1	3	5	5	5	1	3	1	1	5	5	5	5	1	5	1	1	4	2	2	4	1	3	1	1	1	2	3	3	1	3	1	1	4	4	4	4	2	4	1	1	4	5	5	5	3	5	3	1	5	1	3	4	1	1	1	1	1	3	5	5	1	3	1	1	3	3	3	3	3	3	3	3	3	3	5	5	4	4	3	2	3	3	3	3	3	3	3	3	3	3	4	5	1	3	1	1	1	2	5	5	1	5	1	1	3	3	3	4	3	3	1	1	2	3	3	4	3	1	1	1	1	1	3	5	4	4	1	1	3	3	5	5	2	5	1	1	1	3	5	5	3	3	1	1	2	3	3	4	3	3	1	1	3	3	3	5	4	5	1	1	1	3	4	4	1	5	3	1	3	5	5	5	1	3	1	1	4	3	5	5	1	5	4	1	4	2	3	4	1	2	2	1	2	3	3	3	1	5	1	1	1	3	3	3	1	1	1	1	1	1	3	5	1	1	1	1	1	3	4	4	3	4	1	1	1
4	4	3	2	3	1	1	2	5	5	4	2	5	2	1	4	3	3	5	3	3	1	1	2	3	2	1	2	3	1	1	3	4	4	2	2	4	1	1	3	5	4	2	2	5	2	1	2	1	1	1	1	1	1	1	1	1	1	1	1	2	1	1	2	3	4	3	3	3	1	1	1	4	5	3	4	5	3	2	1	2	2	2	3	3	2	1	2	3	3	2	5	4	3	2	2	2	1	1	1	1	1	1	1	5	5	3	4	5	4	3	2	1	1	1	2	1	1	1	1	2	3	3	2	3	1	1	1	4	3	2	3	3	1	1	2	3	2	2	3	3	1	1	2	2	2	2	3	3	1	1	1	5	4	3	5	4	1	1	2	5	4	3	2	5	3	2	2	4	5	3	5	4	1	1	2	3	3	2	2	2	1	1	1	3	3	3	2	2	1	1	1	5	4	2	3	5	1	1	2	4	3	2	2	3	1	1	2	2	2	4	4	2	1	1	1	2	3	4	5	3	1	1	1	5	4	4	4	5	3	2	2	3	3	2	3	4	1	1	2	3	4	5	2	3	1	1	2	4	3	3	2	4	2	1	5	4	4	4	5	5	2	1	3	4	5	4	4	5	1	1	3	4	5	5	4	4	2	1	4	3	4	4	4	4	3	2	4	5	5	3	1	5	2	1	5	5	4	1	2	5	2	1	5	2	3	1	1	4	1	1	1	4	4	3	1	5	1	1	1	4	3	2	1	3	2	1	1	2	3	2	1	5	1	1	2	2	1	1	1	3	1	1	1	4	5	3	4	3	1	1	1	5	4	4	2	4	1	1	5	2	2	1	1	3	1	1	3	2	4	3	1	5	1	1	2	2	3	3	1	4	1	1	1	4	5	5	3	4	5	5	5	5	5	5	1	3	2	3	2	4	4	4	2	4	2	3	3	3	4	5	3	4	2	3	1	3	2	3	2	3	1	1	3	3	3	4	2	4	1	1	3	3	2	4	1	2	1	1	2	3	1	2	1	2	1	1	2	5	5	3	2	4	1	1	5	3	4	3	2	5	2	1	5	4	4	3	1	5	2	1	3	4	4	5	4	4	1	1	2	5	4	4	3	5	2	1	5	4	3	4	1	4	1	1	2	3	2	4	3	4	1	1	2	3	3	5	2	5	1	1	2	4	2	4	2	3	1	1	2	4	3	2	2	5	2	1	4	1	1	2	2	2	1	1	2	2	1	3	2	3	1	1	2	1	1	2	1	2	1	2	1	4	3	4	1	3	2	3	2	4	3	5	1	4	2	4	3	2	3	4	1	2	1	4	2	5	5	4	1	5	2	1	5	4	4	2	2	5	2	1	3	3	4	2	1	5	2	1	1	4	3	2	2	4	2	1	3	5	4	2	2	5	1	1	4	5	4	2	3	5	2	1	5	4	2	3	2	5	1	1	4	1	3	1	1	2	1	1	3	2	3	2	4	4	3	2	1	4	5	3	4	5	3	2	3	2	2	2	2	3	2	1	1	5	5	4	4	5	3	2	2	4	4	5	2	3	1	1	5	4	4	5	3	5	3	1	2	2	3	4	2	4	2	1	2	3	3	4	3	3	1	1	3	4	5	5	5	5	4	3	2	3	5	5	5	5	5	4	5	3	5	5	4	5	4	2	5	2	3	4	2	3	2	1	3	5	5	5	4	5	2	1	3	5	4	3	3	4	3	2	3	2	4	5	2	4	3	2	3	3	4	5	2	3	2	1	2	2	3	4	1	4	1	1	2	1	1	1	2	2	1	1	1	1	1	1	1	2	1	1	1	2	3	2	4	3	1	1	2
5	5	2	2	4	4	1	4	5	5	5	1	5	2	1	5	2	3	2	1	5	2	1	2	2	2	1	1	1	1	1	1	3	3	2	2	2	1	1	5	3	5	5	3	5	3	1	4	1	1	1	1	1	1	1	1	1	1	1	1	1	1	1	1	2	5	5	4	5	1	1	5	3	4	4	5	5	4	1	1	1	1	1	1	1	1	1	1	1	1	1	1	1	1	1	1	2	4	2	3	4	3	1	3	5	5	5	5	5	4	4	4	1	1	1	1	1	1	1	1	1	1	1	1	1	1	1	1	2	3	2	4	4	2	2	4	1	1	1	1	1	1	1	1	1	2	2	1	1	1	1	1	3	3	3	4	4	2	2	3	3	4	4	5	5	4	3	2	2	3	1	3	1	1	1	1	1	5	5	1	1	1	1	1	2	4	2	4	4	1	3	4	5	5	4	5	5	1	1	4	3	5	2	3	3	1	1	3	1	2	2	4	4	1	1	1	2	2	2	2	2	1	1	1	2	2	2	2	3	1	1	1	1	2	1	1	1	1	1	1	2	2	2	1	1	1	1	1	1	1	1	1	1	1	1	1	1	1	1	1	1	1	1	1	2	2	2	3	3	1	1	1	1	3	2	5	5	3	1	5	2	2	2	4	4	1	1	4	5	5	5	2	5	1	1	5	1	1	1	1	1	1	1	1	1	1	1	1	3	1	1	1	2	2	2	1	1	1	1	1	2	4	4	1	2	1	1	5	2	2	2	1	3	1	1	2	2	2	2	1	4	1	1	1	2	2	1	2	2	1	1	1	3	4	3	1	5	1	1	5	2	2	1	2	5	1	1	5	1	1	1	1	1	1	1	1	1	1	2	1	2	1	1	1	4	4	3	2	3	3	4	3	3	4	2	3	5	5	5	5	3	3	1	1	2	4	5	4	1	3	3	1	3	1	1	3	2	1	1	1	1	1	1	1	1	2	2	1	3	1	1	1	1	4	2	1	3	1	1	2	2	2	1	2	2	1	1	2	1	2	2	2	5	2	1	5	2	3	3	1	5	3	1	5	2	3	3	1	5	1	1	2	3	3	3	5	5	1	1	3	5	5	4	1	5	1	1	5	2	5	4	1	5	1	1	4	2	3	3	1	4	1	1	1	2	3	4	1	4	1	1	1	3	5	4	1	5	1	1	3	1	1	1	2	3	2	1	5	1	3	2	1	2	1	1	1	1	1	1	1	1	1	1	1	1	1	1	1	3	1	1	1	3	3	3	1	1	1	1	1	1	1	3	1	1	1	1	1	2	1	1	1	1	1	1	1	5	5	5	1	5	1	1	5	2	2	2	1	3	1	1	3	1	1	2	1	2	1	1	1	3	3	3	1	5	4	1	3	5	5	3	3	5	3	1	5	3	4	3	2	5	3	1	5	2	4	2	1	5	2	1	4	1	1	1	1	1	1	1	1	2	4	2	3	3	3	3	2	2	3	3	4	5	2	1	1	2	2	2	2	2	2	2	2	2	3	2	2	2	2	1	2	1	2	4	5	5	5	5	5	1	1	1	2	2	1	1	1	2	2	3	2	3	1	1	2	2	2	2	2	2	1	1	2	2	5	5	5	5	5	1	1	1	1	1	1	1	1	1	1	3	4	2	3	4	2	1	2	1	2	2	1	1	1	1	1	4	4	4	3	3	2	1	3	4	4	4	3	4	1	1	5	5	5	5	2	5	3	2	4	1	1	1	1	1	1	1	1	1	1	1	1	1	1	1	1	1	3	2	1	3	1	1	1	1	1	1	1	1	1	1	1	1	2	2	1	2	1	1	1
4	5	4	1	5	1	1	5	4	4	5	1	5	1	1	3	1	1	4	1	4	1	1	1	2	1	1	2	3	1	1	1	4	5	5	4	5	1	1	5	3	4	5	1	5	1	1	1	2	1	1	1	5	1	1	1	2	2	3	1	4	1	1	1	2	2	3	2	4	1	1	1	4	4	4	3	5	1	1	1	2	2	3	1	4	1	1	1	3	2	3	2	4	1	1	1	2	2	2	1	1	1	1	1	4	4	5	4	5	1	1	1	2	1	3	1	1	1	1	1	2	2	3	1	1	1	1	1	2	2	3	1	4	1	1	1	2	2	3	3	3	1	1	1	2	3	2	2	2	1	1	1	3	3	4	5	5	1	1	1	3	4	5	4	5	1	1	1	4	4	4	5	5	1	1	1	3	2	3	1	3	1	1	1	2	2	2	1	4	1	1	1	3	5	5	1	5	1	1	1	3	4	5	1	4	1	1	5	4	3	3	4	3	1	1	1	1	1	2	1	1	1	1	1	2	1	2	1	5	1	1	1	1	1	2	1	1	1	1	1	2	1	1	1	1	1	1	1	1	1	1	1	1	1	1	1	1	1	3	1	1	1	1	1	1	1	3	1	1	1	1	1	1	1	2	1	1	1	1	1	2	2	3	1	1	1	1	1	4	5	5	1	5	1	1	5	4	4	5	3	5	1	1	4	2	2	2	1	3	1	1	1	2	2	3	1	2	1	1	1	4	5	5	1	5	1	1	5	3	3	3	1	5	1	1	3	2	2	3	1	4	1	1	1	3	4	4	5	5	1	1	1	3	3	3	1	4	1	1	4	4	4	4	1	4	1	1	5	2	2	2	1	4	1	1	1	1	1	2	1	2	1	1	1	3	3	2	1	1	3	5	4	4	5	5	1	2	1	5	1	3	3	4	1	3	1	1	1	2	3	3	1	3	1	1	1	3	2	3	1	4	1	1	4	5	5	5	1	5	1	1	5	3	2	3	1	3	1	1	1	2	2	2	1	3	1	1	3	3	4	4	1	5	1	1	4	4	4	3	1	5	1	1	5	4	3	4	1	5	1	1	1	2	3	4	5	5	1	1	1	5	5	5	1	5	1	1	5	4	4	4	1	5	1	1	3	4	4	5	4	5	1	1	1	3	1	4	1	4	1	1	1	2	3	4	1	4	1	1	4	5	5	5	4	5	1	1	5	2	2	2	1	3	1	1	1	2	4	4	3	4	1	1	1	2	2	2	1	3	1	1	1	1	1	2	1	1	1	1	1	2	1	2	1	1	1	1	1	1	2	1	1	1	1	1	1	4	5	5	1	5	1	1	5	4	4	4	1	5	1	1	5	2	3	3	1	3	1	1	1	2	3	3	1	3	1	1	1	4	5	5	4	5	1	1	5	4	5	5	4	5	1	1	5	2	1	2	1	4	1	1	1	2	2	2	1	4	1	1	1	2	2	2	1	1	1	1	1	3	4	5	4	5	1	1	1	1	1	3	1	3	1	1	1	3	4	5	4	5	1	1	1	1	2	3	3	3	1	1	1	1	1	2	1	1	1	1	1	1	1	4	5	4	1	1	1	2	1	2	4	1	1	1	1	3	3	4	3	5	1	1	1	1	1	3	2	3	1	1	1	1	2	2	1	1	1	1	1	1	2	3	2	1	1	1	1	4	4	5	1	5	1	1	1	4	5	5	4	5	1	1	5	2	2	4	1	1	1	1	1	2	4	5	1	2	1	1	1	2	2	2	1	1	1	1	1	2	2	3	1	1	1	1	1	2	2	2	1	1	1	1	1	1	1	1	1	1	1	1	1
5	5	3	2	5	1	1	5	5	5	5	3	5	1	1	5	3	1	4	1	1	1	1	1	1	1	1	1	1	1	1	1	5	5	1	1	5	1	1	5	4	5	5	1	5	1	1	1	2	1	3	1	2	1	1	1	2	1	3	1	2	1	1	1	3	1	4	1	1	1	1	1	5	5	5	5	5	5	1	1	2	3	2	3	3	3	1	1	2	2	3	2	2	1	1	1	2	2	1	1	1	1	1	1	5	5	5	1	5	1	1	1	2	1	3	1	1	1	1	1	2	1	1	1	1	1	1	1	2	1	1	2	2	1	1	1	2	2	2	1	1	1	1	1	1	1	1	1	1	1	1	1	3	3	4	3	3	1	1	1	5	5	5	5	5	1	1	1	2	5	5	5	3	1	1	1	2	3	4	2	2	1	1	1	2	1	1	1	1	1	1	1	5	5	3	5	5	1	1	5	5	5	3	1	5	1	1	5	2	1	3	1	2	1	1	2	3	1	5	1	1	1	1	1	5	5	3	5	5	1	1	2	2	2	1	2	2	1	1	2	2	3	2	2	3	1	1	5	2	2	2	1	1	1	1	1	2	2	3	1	1	1	1	1	2	1	5	1	1	1	1	1	2	1	3	1	1	1	1	1	2	1	3	1	1	1	1	1	5	5	5	1	5	1	1	5	5	5	2	1	5	1	1	5	2	1	5	1	4	1	1	1	3	4	4	1	3	1	1	1	5	5	5	1	5	1	1	5	2	2	3	1	1	1	1	1	2	2	3	2	2	1	1	1	2	4	5	5	2	1	1	1	5	5	5	1	5	1	1	5	5	5	3	1	5	1	1	5	2	2	1	1	2	1	1	2	3	1	4	1	1	1	1	1	5	5	4	2	5	5	5	5	5	5	5	1	5	1	5	5	2	1	4	1	1	1	1	1	2	1	4	1	1	1	1	1	2	1	1	1	1	1	1	1	5	5	3	1	5	1	1	5	2	1	3	1	2	1	1	2	2	1	1	1	1	1	1	1	5	5	5	1	5	1	1	5	4	4	1	1	5	1	1	5	2	2	4	1	2	1	1	1	3	2	5	5	5	1	1	1	5	5	4	1	5	1	1	5	3	3	4	1	5	1	1	3	2	2	4	1	1	1	1	1	1	2	4	1	1	1	1	1	3	3	4	1	3	1	1	1	5	3	3	4	4	1	1	5	2	1	3	1	1	1	1	1	2	2	4	2	2	1	1	1	2	1	3	1	1	1	1	1	2	1	5	1	1	1	1	1	2	1	3	1	1	1	1	1	2	1	4	1	1	1	1	1	5	5	5	1	5	1	1	5	5	5	3	1	5	1	1	5	2	1	4	1	2	1	1	1	2	3	3	1	5	1	1	2	5	5	3	1	5	1	1	5	5	5	3	3	5	1	1	5	2	1	3	2	2	1	1	2	2	2	1	1	1	1	1	1	2	1	3	2	2	1	1	1	5	5	5	5	5	1	1	1	2	1	3	1	1	1	1	1	2	3	4	2	2	1	1	1	4	4	4	4	4	1	1	1	3	2	4	2	2	2	2	2	2	3	4	2	2	1	1	1	3	3	4	4	4	1	1	2	3	3	4	5	5	1	1	5	2	1	3	1	1	1	1	1	2	1	2	1	1	1	1	1	2	4	4	5	5	1	1	1	5	5	5	5	5	1	1	1	5	5	1	5	5	1	1	5	1	2	4	1	1	1	1	1	2	3	5	1	1	1	1	1	2	1	1	2	2	1	1	1	2	2	3	1	1	1	1	1	2	3	3	1	1	1	1	1	2	1	4	1	1	1	1	1
5	5	5	1	5	1	1	5	5	5	5	1	5	1	1	3	1	2	4	1	1	1	1	1	2	3	3	1	1	1	1	1	5	5	5	1	5	1	1	4	4	4	4	1	5	1	1	1	2	2	3	1	1	1	1	1	1	2	3	1	1	1	1	1	3	3	3	3	4	1	1	1	5	5	5	2	5	1	1	1	2	2	3	1	1	1	1	1	4	3	4	1	3	1	1	1	3	3	4	2	4	1	1	4	3	4	4	2	5	2	1	2	1	2	2	1	1	1	1	1	1	2	2	1	1	1	1	1	2	3	3	1	1	1	1	1	1	2	2	1	1	1	1	1	1	1	4	1	1	1	1	1	3	3	4	1	1	1	1	1	5	5	5	3	5	1	1	1	3	3	3	1	1	1	1	1	2	2	3	1	1	1	1	1	2	2	3	1	1	1	1	1	4	4	5	1	5	1	1	1	5	5	5	1	5	1	1	5	2	3	3	1	5	1	1	1	1	2	3	1	1	1	1	1	5	5	5	4	5	1	1	1	2	2	3	1	1	1	1	1	1	1	4	1	1	1	1	1	1	2	3	1	1	1	1	1	3	3	4	1	1	1	1	1	1	2	3	2	2	1	1	2	2	2	4	1	1	1	1	1	1	2	3	2	2	1	1	2	5	5	5	1	5	1	1	5	5	5	5	2	5	1	1	5	2	2	3	1	1	1	1	1	2	3	4	1	3	1	1	1	5	5	5	1	5	1	1	5	5	5	5	1	5	1	1	3	1	1	4	1	1	1	1	1	3	3	4	1	3	1	1	1	5	5	5	1	5	1	1	5	3	3	2	1	2	1	1	2	3	3	3	1	1	1	1	1	2	2	3	1	1	1	1	1	5	5	5	2	5	2	4	5	5	5	5	1	5	2	5	4	2	2	4	1	1	1	1	1	1	1	4	1	1	1	1	1	3	3	4	1	2	1	1	1	5	5	5	1	5	1	1	3	2	2	3	1	1	1	1	1	2	3	3	1	1	1	1	1	5	5	5	1	5	1	1	5	5	5	5	1	5	1	1	5	2	2	3	1	3	1	1	1	3	3	3	1	4	1	1	1	5	5	5	1	5	1	1	5	5	5	5	1	5	1	1	3	1	2	4	1	1	1	1	1	2	2	4	1	1	1	1	1	3	3	5	1	2	1	1	2	5	5	5	2	5	1	1	5	2	2	4	1	1	1	1	1	2	2	2	1	1	1	1	1	3	3	3	1	2	1	1	1	2	3	3	1	1	1	1	1	1	2	3	1	1	1	1	1	1	2	3	1	1	1	1	1	5	5	5	1	5	1	1	5	5	5	5	1	5	1	1	5	2	3	3	1	2	1	1	1	2	2	4	1	1	1	1	1	5	5	5	1	5	1	1	4	5	5	5	1	5	1	1	5	1	1	4	1	1	1	1	1	1	2	2	1	1	1	1	1	1	3	2	2	2	1	1	1	5	5	5	3	5	2	1	1	2	2	3	1	1	1	1	1	1	1	4	1	1	1	1	1	3	4	4	2	3	1	1	1	3	4	5	3	3	1	1	1	2	2	4	1	1	1	1	1	2	2	3	1	1	1	1	1	5	5	5	3	5	1	1	1	3	3	3	1	2	1	1	2	1	1	4	1	1	1	1	1	2	3	4	1	1	1	1	1	4	4	4	1	4	1	1	1	3	3	3	2	4	1	1	4	2	3	4	1	1	1	1	1	1	2	4	1	1	1	1	1	3	3	4	1	3	1	1	1	1	1	3	1	1	1	1	1	1	2	4	1	1	1	1	1	1	1	3	1	1	1	1	1
4	3	2	2	2	1	1	2	3	5	5	2	5	2	1	2	2	2	5	2	2	1	1	2	4	4	3	4	2	1	1	1	5	5	5	4	4	4	1	5	4	4	5	2	3	1	1	1	1	1	1	1	1	1	1	1	1	1	1	1	1	1	1	1	3	2	5	2	3	1	1	2	5	5	2	2	5	1	1	1	1	1	1	1	1	1	1	1	1	1	2	1	1	1	1	1	1	1	1	1	1	1	1	1	5	5	5	5	5	4	1	3	1	1	5	1	1	1	1	1	2	3	5	3	2	1	1	1	1	1	5	1	1	1	1	1	1	1	4	1	1	1	1	1	2	3	2	3	1	1	1	1	4	5	5	4	3	1	1	2	5	5	5	4	5	1	1	1	3	3	4	3	2	1	1	1	2	2	5	2	2	1	1	1	1	1	1	1	1	1	1	1	5	5	5	3	4	1	1	2	4	4	4	3	3	1	1	2	1	1	5	1	1	1	1	1	1	3	5	2	1	1	1	1	5	4	4	4	5	4	2	2	3	2	3	2	1	1	1	1	2	2	2	1	2	1	1	1	1	1	1	1	1	1	1	1	1	1	5	2	1	1	1	1	1	1	5	1	1	1	1	1	2	2	5	2	1	1	1	1	1	1	5	1	1	1	1	1	5	5	5	3	4	2	1	5	5	5	2	1	4	3	1	5	3	4	2	3	2	1	1	1	1	1	5	1	1	1	1	1	5	5	3	3	3	1	1	3	3	3	2	3	2	1	1	1	1	1	2	1	1	1	1	1	5	3	5	4	4	1	1	1	5	5	5	2	5	1	1	4	5	5	5	2	4	1	1	5	3	3	2	3	4	1	1	2	4	4	5	5	5	1	1	3	5	3	2	2	2	5	4	2	5	5	5	2	2	3	5	3	3	3	5	2	1	4	3	1	1	1	1	1	1	1	1	1	2	1	5	1	1	1	1	1	5	5	5	1	5	1	1	4	2	3	5	2	2	1	1	1	3	2	3	2	2	1	1	1	5	5	5	4	5	1	1	4	4	4	1	2	3	1	1	2	2	3	5	2	2	1	1	1	5	5	5	4	5	1	1	1	5	5	2	4	5	1	1	5	5	5	5	2	3	1	1	1	2	2	5	2	2	1	1	1	2	4	5	3	5	1	1	1	3	4	4	2	2	1	1	1	4	3	5	3	4	2	1	3	1	2	3	2	1	1	1	1	2	3	1	1	3	1	1	1	2	1	3	1	1	1	1	1	4	3	5	2	3	1	1	2	1	1	1	1	1	1	1	1	3	3	4	2	2	1	1	1	5	5	5	2	3	1	1	4	5	5	2	2	5	1	1	4	1	1	5	1	1	1	1	1	1	2	1	2	1	1	1	1	5	5	5	2	3	3	1	5	5	5	5	3	5	2	1	4	1	1	2	1	1	1	1	1	2	3	3	2	3	1	1	2	3	2	5	2	2	1	1	1	4	4	5	2	2	1	1	1	2	1	2	1	1	1	1	1	3	2	4	1	2	1	1	1	3	3	5	2	4	1	1	3	4	5	5	5	5	4	1	3	4	3	5	2	2	1	1	1	5	5	5	4	3	1	1	1	3	3	1	2	3	2	1	1	3	1	2	2	2	2	1	2	1	2	3	2	1	1	1	1	3	2	4	2	2	1	1	1	5	5	5	4	5	4	1	1	4	4	5	2	2	1	1	2	2	3	4	1	5	4	1	2	1	1	3	2	1	1	1	1	1	1	3	1	1	1	1	1	1	1	1	1	1	1	1	1	1	1	1	1	1	1	1	1	1	1	3	1	1	1	1	1
2	3	5	2	3	2	1	1	5	5	5	1	5	2	1	5	1	1	2	3	3	2	1	2	2	4	3	4	4	1	1	1	5	5	5	3	4	2	2	4	3	5	5	4	5	2	1	3	1	3	1	1	4	2	2	3	1	2	1	2	2	1	1	1	1	3	3	2	4	1	1	2	2	3	3	4	5	3	2	1	1	2	2	3	3	2	1	2	1	1	1	3	3	1	1	2	3	4	4	4	4	3	2	4	3	5	5	4	5	4	3	5	1	1	2	1	1	1	1	1	2	1	4	1	3	1	1	1	1	3	2	3	4	1	1	2	2	2	3	3	2	2	1	1	1	1	1	2	1	1	1	1	2	4	3	5	4	1	1	1	3	3	4	4	5	2	1	1	3	4	4	3	3	1	1	1	3	2	3	4	3	1	1	1	1	2	1	2	2	1	1	1	4	4	3	1	5	1	1	3	5	5	5	1	5	1	1	5	3	3	2	3	3	2	1	3	1	2	4	5	5	1	1	1	2	3	2	4	5	1	2	2	3	2	1	2	2	1	1	2	1	1	1	4	4	1	1	2	2	1	1	1	2	1	1	2	1	1	2	2	2	1	1	1	1	3	5	4	3	2	2	3	1	4	5	5	4	1	1	2	2	1	4	3	2	1	1	2	5	5	5	3	5	2	1	5	2	4	3	2	5	1	1	5	1	3	4	2	4	1	1	1	2	1	1	1	5	1	1	3	5	5	5	2	4	1	1	5	2	4	4	1	4	1	1	2	1	2	4	3	5	1	1	2	3	5	5	5	5	1	1	3	5	5	5	2	5	2	1	4	4	5	5	2	4	2	1	4	1	3	3	1	5	1	1	3	3	3	5	4	5	2	2	4	2	2	1	1	2	4	4	2	5	5	4	1	4	1	3	3	3	3	4	3	2	2	2	2	2	2	3	1	2	2	2	2	1	1	1	2	2	1	1	1	3	4	4	2	5	2	1	4	1	1	1	1	4	2	1	3	2	2	4	3	3	1	1	1	4	5	5	2	5	2	1	5	2	5	5	3	5	2	1	4	1	4	5	3	5	2	1	4	2	5	5	5	5	2	2	2	4	2	2	1	2	1	1	2	4	2	2	1	4	1	1	2	3	3	5	1	2	1	1	2	1	1	4	4	4	2	1	3	3	5	5	3	5	1	1	1	3	5	4	4	5	2	1	4	2	1	1	1	2	1	1	2	1	1	1	4	3	1	1	1	1	1	1	3	2	2	2	2	1	3	4	4	3	3	3	4	1	1	5	4	4	3	2	4	4	2	4	3	2	2	1	2	4	5	5	4	5	2	1	4	4	4	4	2	5	2	1	4	1	1	5	1	5	1	1	2	1	2	4	4	5	1	1	2	3	5	5	3	5	2	2	5	5	5	5	3	5	3	1	4	1	3	3	3	3	1	1	3	2	4	1	1	4	2	1	4	4	3	1	4	4	1	1	1	2	5	3	4	5	2	1	1	1	1	2	4	4	2	1	1	1	1	1	2	2	1	1	1	5	4	4	2	4	1	1	1	4	4	5	4	4	2	2	2	1	3	4	5	4	1	1	2	2	4	4	4	3	1	1	2	2	5	5	5	5	3	2	2	2	3	4	4	4	2	2	3	2	2	3	1	1	1	1	1	3	2	3	3	3	1	1	1	2	4	4	3	5	2	1	3	4	5	4	4	4	2	1	3	3	4	5	3	4	1	1	1	1	2	4	3	1	1	1	1	1	1	2	1	3	1	1	2	2	4	3	2	4	1	1	4	2	2	3	1	1	1	1	2	3	5	4	3	3	1	1	2